customer_id,customer_name,segment_id,country_id
CG-12520,Claire Gute,1,1
CG-12520,Claire Gute,1,2
CG-12520,Claire Gute,1,3
CG-12520,Claire Gute,1,4
DV-13045,Darrin Van Huff,2,1
DV-13045,Darrin Van Huff,2,2
DV-13045,Darrin Van Huff,2,3
DV-13045,Darrin Van Huff,2,4
SO-20335,Sean O'Donnell,1,1
SO-20335,Sean O'Donnell,1,2
SO-20335,Sean O'Donnell,1,3
SO-20335,Sean O'Donnell,1,4
BH-11710,Brosina Hoffman,1,1
BH-11710,Brosina Hoffman,1,2
BH-11710,Brosina Hoffman,1,3
BH-11710,Brosina Hoffman,1,4
AA-10480,Andrew Allen,1,1
AA-10480,Andrew Allen,1,2
AA-10480,Andrew Allen,1,3
AA-10480,Andrew Allen,1,4
IM-15070,Irene Maddox,1,1
IM-15070,Irene Maddox,1,2
IM-15070,Irene Maddox,1,3
IM-15070,Irene Maddox,1,4
HP-14815,Harold Pawlan,3,1
HP-14815,Harold Pawlan,3,2
HP-14815,Harold Pawlan,3,3
HP-14815,Harold Pawlan,3,4
PK-19075,Pete Kriz,1,1
PK-19075,Pete Kriz,1,2
PK-19075,Pete Kriz,1,3
PK-19075,Pete Kriz,1,4
AG-10270,Alejandro Grove,1,1
AG-10270,Alejandro Grove,1,2
AG-10270,Alejandro Grove,1,3
AG-10270,Alejandro Grove,1,4
ZD-21925,Zuschuss Donatelli,1,1
ZD-21925,Zuschuss Donatelli,1,2
ZD-21925,Zuschuss Donatelli,1,3
ZD-21925,Zuschuss Donatelli,1,4
KB-16585,Ken Black,2,1
KB-16585,Ken Black,2,2
KB-16585,Ken Black,2,3
KB-16585,Ken Black,2,4
SF-20065,Sandra Flanagan,1,1
SF-20065,Sandra Flanagan,1,2
SF-20065,Sandra Flanagan,1,3
SF-20065,Sandra Flanagan,1,4
EB-13870,Emily Burns,1,1
EB-13870,Emily Burns,1,2
EB-13870,Emily Burns,1,3
EB-13870,Emily Burns,1,4
EH-13945,Eric Hoffmann,1,1
EH-13945,Eric Hoffmann,1,2
EH-13945,Eric Hoffmann,1,3
EH-13945,Eric Hoffmann,1,4
TB-21520,Tracy Blumstein,1,1
TB-21520,Tracy Blumstein,1,2
TB-21520,Tracy Blumstein,1,3
TB-21520,Tracy Blumstein,1,4
MA-17560,Matt Abelman,3,1
MA-17560,Matt Abelman,3,2
MA-17560,Matt Abelman,3,3
MA-17560,Matt Abelman,3,4
GH-14485,Gene Hale,2,1
GH-14485,Gene Hale,2,2
GH-14485,Gene Hale,2,3
GH-14485,Gene Hale,2,4
SN-20710,Steve Nguyen,3,1
SN-20710,Steve Nguyen,3,2
SN-20710,Steve Nguyen,3,3
SN-20710,Steve Nguyen,3,4
LC-16930,Linda Cazamias,2,1
LC-16930,Linda Cazamias,2,2
LC-16930,Linda Cazamias,2,3
LC-16930,Linda Cazamias,2,4
RA-19885,Ruben Ausman,2,1
RA-19885,Ruben Ausman,2,2
RA-19885,Ruben Ausman,2,3
RA-19885,Ruben Ausman,2,4
ES-14080,Erin Smith,2,1
ES-14080,Erin Smith,2,2
ES-14080,Erin Smith,2,3
ES-14080,Erin Smith,2,4
ON-18715,Odella Nelson,2,1
ON-18715,Odella Nelson,2,2
ON-18715,Odella Nelson,2,3
ON-18715,Odella Nelson,2,4
PO-18865,Patrick O'Donnell,1,1
PO-18865,Patrick O'Donnell,1,2
PO-18865,Patrick O'Donnell,1,3
PO-18865,Patrick O'Donnell,1,4
LH-16900,Lena Hernandez,1,1
LH-16900,Lena Hernandez,1,2
LH-16900,Lena Hernandez,1,3
LH-16900,Lena Hernandez,1,4
DP-13000,Darren Powers,1,1
DP-13000,Darren Powers,1,2
DP-13000,Darren Powers,1,3
DP-13000,Darren Powers,1,4
JM-15265,Janet Molinari,2,1
JM-15265,Janet Molinari,2,2
JM-15265,Janet Molinari,2,3
JM-15265,Janet Molinari,2,4
TB-21055,Ted Butterfield,1,1
TB-21055,Ted Butterfield,1,2
TB-21055,Ted Butterfield,1,3
TB-21055,Ted Butterfield,1,4
KM-16720,Kunst Miller,1,1
KM-16720,Kunst Miller,1,2
KM-16720,Kunst Miller,1,3
KM-16720,Kunst Miller,1,4
PS-18970,Paul Stevenson,3,1
PS-18970,Paul Stevenson,3,2
PS-18970,Paul Stevenson,3,3
PS-18970,Paul Stevenson,3,4
BS-11590,Brendan Sweed,2,1
BS-11590,Brendan Sweed,2,2
BS-11590,Brendan Sweed,2,3
BS-11590,Brendan Sweed,2,4
KD-16270,Karen Daniels,1,1
KD-16270,Karen Daniels,1,2
KD-16270,Karen Daniels,1,3
KD-16270,Karen Daniels,1,4
HM-14980,Henry MacAllister,1,1
HM-14980,Henry MacAllister,1,2
HM-14980,Henry MacAllister,1,3
HM-14980,Henry MacAllister,1,4
JE-15745,Joel Eaton,1,1
JE-15745,Joel Eaton,1,2
JE-15745,Joel Eaton,1,3
JE-15745,Joel Eaton,1,4
KB-16600,Ken Brennan,2,1
KB-16600,Ken Brennan,2,2
KB-16600,Ken Brennan,2,3
KB-16600,Ken Brennan,2,4
SC-20770,Stewart Carmichael,2,1
SC-20770,Stewart Carmichael,2,2
SC-20770,Stewart Carmichael,2,3
SC-20770,Stewart Carmichael,2,4
DN-13690,Duane Noonan,1,1
DN-13690,Duane Noonan,1,2
DN-13690,Duane Noonan,1,3
DN-13690,Duane Noonan,1,4
JC-16105,Julie Creighton,2,1
JC-16105,Julie Creighton,2,2
JC-16105,Julie Creighton,2,3
JC-16105,Julie Creighton,2,4
CS-12400,Christopher Schild,3,1
CS-12400,Christopher Schild,3,2
CS-12400,Christopher Schild,3,3
CS-12400,Christopher Schild,3,4
PG-18895,Paul Gonzalez,1,1
PG-18895,Paul Gonzalez,1,2
PG-18895,Paul Gonzalez,1,3
PG-18895,Paul Gonzalez,1,4
GM-14455,Gary Mitchum,3,1
GM-14455,Gary Mitchum,3,2
GM-14455,Gary Mitchum,3,3
GM-14455,Gary Mitchum,3,4
JS-15685,Jim Sink,2,1
JS-15685,Jim Sink,2,2
JS-15685,Jim Sink,2,3
JS-15685,Jim Sink,2,4
KB-16315,Karl Braun,1,1
KB-16315,Karl Braun,1,2
KB-16315,Karl Braun,1,3
KB-16315,Karl Braun,1,4
RB-19705,Roger Barcio,3,1
RB-19705,Roger Barcio,3,2
RB-19705,Roger Barcio,3,3
RB-19705,Roger Barcio,3,4
PN-18775,Parhena Norris,3,1
PN-18775,Parhena Norris,3,2
PN-18775,Parhena Norris,3,3
PN-18775,Parhena Norris,3,4
KD-16345,Katherine Ducich,1,1
KD-16345,Katherine Ducich,1,2
KD-16345,Katherine Ducich,1,3
KD-16345,Katherine Ducich,1,4
ER-13855,Elpida Rittenbach,2,1
ER-13855,Elpida Rittenbach,2,2
ER-13855,Elpida Rittenbach,2,3
ER-13855,Elpida Rittenbach,2,4
RB-19465,Rick Bensley,3,1
RB-19465,Rick Bensley,3,2
RB-19465,Rick Bensley,3,3
RB-19465,Rick Bensley,3,4
GZ-14470,Gary Zandusky,1,1
GZ-14470,Gary Zandusky,1,2
GZ-14470,Gary Zandusky,1,3
GZ-14470,Gary Zandusky,1,4
LC-16870,Lena Cacioppo,1,1
LC-16870,Lena Cacioppo,1,2
LC-16870,Lena Cacioppo,1,3
LC-16870,Lena Cacioppo,1,4
JM-15250,Janet Martin,1,1
JM-15250,Janet Martin,1,2
JM-15250,Janet Martin,1,3
JM-15250,Janet Martin,1,4
PA-19060,Pete Armstrong,3,1
PA-19060,Pete Armstrong,3,2
PA-19060,Pete Armstrong,3,3
PA-19060,Pete Armstrong,3,4
CV-12805,Cynthia Voltz,2,1
CV-12805,Cynthia Voltz,2,2
CV-12805,Cynthia Voltz,2,3
CV-12805,Cynthia Voltz,2,4
CL-12565,Clay Ludtke,1,1
CL-12565,Clay Ludtke,1,2
CL-12565,Clay Ludtke,1,3
CL-12565,Clay Ludtke,1,4
RC-19960,Ryan Crowe,1,1
RC-19960,Ryan Crowe,1,2
RC-19960,Ryan Crowe,1,3
RC-19960,Ryan Crowe,1,4
DK-13090,Dave Kipp,1,1
DK-13090,Dave Kipp,1,2
DK-13090,Dave Kipp,1,3
DK-13090,Dave Kipp,1,4
GG-14650,Greg Guthrie,2,1
GG-14650,Greg Guthrie,2,2
GG-14650,Greg Guthrie,2,3
GG-14650,Greg Guthrie,2,4
SC-20725,Steven Cartwright,1,1
SC-20725,Steven Cartwright,1,2
SC-20725,Steven Cartwright,1,3
SC-20725,Steven Cartwright,1,4
AD-10180,Alan Dominguez,3,1
AD-10180,Alan Dominguez,3,2
AD-10180,Alan Dominguez,3,3
AD-10180,Alan Dominguez,3,4
PF-19165,Philip Fox,1,1
PF-19165,Philip Fox,1,2
PF-19165,Philip Fox,1,3
PF-19165,Philip Fox,1,4
TS-21610,Troy Staebel,1,1
TS-21610,Troy Staebel,1,2
TS-21610,Troy Staebel,1,3
TS-21610,Troy Staebel,1,4
LS-16975,Lindsay Shagiari,3,1
LS-16975,Lindsay Shagiari,3,2
LS-16975,Lindsay Shagiari,3,3
LS-16975,Lindsay Shagiari,3,4
DW-13585,Dorothy Wardle,2,1
DW-13585,Dorothy Wardle,2,2
DW-13585,Dorothy Wardle,2,3
DW-13585,Dorothy Wardle,2,4
LC-16885,Lena Creighton,1,1
LC-16885,Lena Creighton,1,2
LC-16885,Lena Creighton,1,3
LC-16885,Lena Creighton,1,4
JD-15895,Jonathan Doherty,2,1
JD-15895,Jonathan Doherty,2,2
JD-15895,Jonathan Doherty,2,3
JD-15895,Jonathan Doherty,2,4
SH-19975,Sally Hughsby,2,1
SH-19975,Sally Hughsby,2,2
SH-19975,Sally Hughsby,2,3
SH-19975,Sally Hughsby,2,4
SG-20080,Sandra Glassco,1,1
SG-20080,Sandra Glassco,1,2
SG-20080,Sandra Glassco,1,3
SG-20080,Sandra Glassco,1,4
HA-14920,Helen Andreada,1,1
HA-14920,Helen Andreada,1,2
HA-14920,Helen Andreada,1,3
HA-14920,Helen Andreada,1,4
MG-17680,Maureen Gastineau,3,1
MG-17680,Maureen Gastineau,3,2
MG-17680,Maureen Gastineau,3,3
MG-17680,Maureen Gastineau,3,4
JE-16165,Justin Ellison,2,1
JE-16165,Justin Ellison,2,2
JE-16165,Justin Ellison,2,3
JE-16165,Justin Ellison,2,4
TW-21025,Tamara Willingham,3,1
TW-21025,Tamara Willingham,3,2
TW-21025,Tamara Willingham,3,3
TW-21025,Tamara Willingham,3,4
SP-20650,Stephanie Phelps,2,1
SP-20650,Stephanie Phelps,2,2
SP-20650,Stephanie Phelps,2,3
SP-20650,Stephanie Phelps,2,4
NK-18490,Neil Knudson,3,1
NK-18490,Neil Knudson,3,2
NK-18490,Neil Knudson,3,3
NK-18490,Neil Knudson,3,4
DB-13060,Dave Brooks,1,1
DB-13060,Dave Brooks,1,2
DB-13060,Dave Brooks,1,3
DB-13060,Dave Brooks,1,4
NP-18670,Nora Paige,1,1
NP-18670,Nora Paige,1,2
NP-18670,Nora Paige,1,3
NP-18670,Nora Paige,1,4
TT-21070,Ted Trevino,1,1
TT-21070,Ted Trevino,1,2
TT-21070,Ted Trevino,1,3
TT-21070,Ted Trevino,1,4
EM-13960,Eric Murdock,1,1
EM-13960,Eric Murdock,1,2
EM-13960,Eric Murdock,1,3
EM-13960,Eric Murdock,1,4
RD-19900,Ruben Dartt,1,1
RD-19900,Ruben Dartt,1,2
RD-19900,Ruben Dartt,1,3
RD-19900,Ruben Dartt,1,4
MJ-17740,Max Jones,1,1
MJ-17740,Max Jones,1,2
MJ-17740,Max Jones,1,3
MJ-17740,Max Jones,1,4
BM-11140,Becky Martin,1,1
BM-11140,Becky Martin,1,2
BM-11140,Becky Martin,1,3
BM-11140,Becky Martin,1,4
CS-12130,Chad Sievert,1,1
CS-12130,Chad Sievert,1,2
CS-12130,Chad Sievert,1,3
CS-12130,Chad Sievert,1,4
JB-15400,Jennifer Braxton,2,1
JB-15400,Jennifer Braxton,2,2
JB-15400,Jennifer Braxton,2,3
JB-15400,Jennifer Braxton,2,4
SJ-20500,Shirley Jackson,1,1
SJ-20500,Shirley Jackson,1,2
SJ-20500,Shirley Jackson,1,3
SJ-20500,Shirley Jackson,1,4
JK-15640,Jim Kriz,3,1
JK-15640,Jim Kriz,3,2
JK-15640,Jim Kriz,3,3
JK-15640,Jim Kriz,3,4
DK-13150,David Kendrick,2,1
DK-13150,David Kendrick,2,2
DK-13150,David Kendrick,2,3
DK-13150,David Kendrick,2,4
RM-19675,Robert Marley,3,1
RM-19675,Robert Marley,3,2
RM-19675,Robert Marley,3,3
RM-19675,Robert Marley,3,4
SK-19990,Sally Knutson,1,1
SK-19990,Sally Knutson,1,2
SK-19990,Sally Knutson,1,3
SK-19990,Sally Knutson,1,4
FM-14290,Frank Merwin,3,1
FM-14290,Frank Merwin,3,2
FM-14290,Frank Merwin,3,3
FM-14290,Frank Merwin,3,4
AM-10360,Alice McCarthy,2,1
AM-10360,Alice McCarthy,2,2
AM-10360,Alice McCarthy,2,3
AM-10360,Alice McCarthy,2,4
MP-17470,Mark Packer,3,1
MP-17470,Mark Packer,3,2
MP-17470,Mark Packer,3,3
MP-17470,Mark Packer,3,4
MZ-17515,Mary Zewe,2,1
MZ-17515,Mary Zewe,2,2
MZ-17515,Mary Zewe,2,3
MZ-17515,Mary Zewe,2,4
CB-12025,Cassandra Brandow,1,1
CB-12025,Cassandra Brandow,1,2
CB-12025,Cassandra Brandow,1,3
CB-12025,Cassandra Brandow,1,4
VM-21685,Valerie Mitchum,3,1
VM-21685,Valerie Mitchum,3,2
VM-21685,Valerie Mitchum,3,3
VM-21685,Valerie Mitchum,3,4
FH-14365,Fred Hopkins,2,1
FH-14365,Fred Hopkins,2,2
FH-14365,Fred Hopkins,2,3
FH-14365,Fred Hopkins,2,4
MB-17305,Maria Bertelson,1,1
MB-17305,Maria Bertelson,1,2
MB-17305,Maria Bertelson,1,3
MB-17305,Maria Bertelson,1,4
BS-11755,Bruce Stewart,1,1
BS-11755,Bruce Stewart,1,2
BS-11755,Bruce Stewart,1,3
BS-11755,Bruce Stewart,1,4
LC-17140,Logan Currie,1,1
LC-17140,Logan Currie,1,2
LC-17140,Logan Currie,1,3
LC-17140,Logan Currie,1,4
HK-14890,Heather Kirkland,2,1
HK-14890,Heather Kirkland,2,2
HK-14890,Heather Kirkland,2,3
HK-14890,Heather Kirkland,2,4
LE-16810,Laurel Elliston,1,1
LE-16810,Laurel Elliston,1,2
LE-16810,Laurel Elliston,1,3
LE-16810,Laurel Elliston,1,4
JH-15985,Joseph Holt,1,1
JH-15985,Joseph Holt,1,2
JH-15985,Joseph Holt,1,3
JH-15985,Joseph Holt,1,4
MS-17980,Michael Stewart,2,1
MS-17980,Michael Stewart,2,2
MS-17980,Michael Stewart,2,3
MS-17980,Michael Stewart,2,4
VW-21775,Victoria Wilson,2,1
VW-21775,Victoria Wilson,2,2
VW-21775,Victoria Wilson,2,3
VW-21775,Victoria Wilson,2,4
JH-15910,Jonathan Howell,1,1
JH-15910,Jonathan Howell,1,2
JH-15910,Jonathan Howell,1,3
JH-15910,Jonathan Howell,1,4
JB-15925,Joni Blumstein,1,1
JB-15925,Joni Blumstein,1,2
JB-15925,Joni Blumstein,1,3
JB-15925,Joni Blumstein,1,4
DS-13180,David Smith,2,1
DS-13180,David Smith,2,2
DS-13180,David Smith,2,3
DS-13180,David Smith,2,4
VD-21670,Valerie Dominguez,1,1
VD-21670,Valerie Dominguez,1,2
VD-21670,Valerie Dominguez,1,3
VD-21670,Valerie Dominguez,1,4
EA-14035,Erin Ashbrook,2,1
EA-14035,Erin Ashbrook,2,2
EA-14035,Erin Ashbrook,2,3
EA-14035,Erin Ashbrook,2,4
DB-13120,David Bremer,2,1
DB-13120,David Bremer,2,2
DB-13120,David Bremer,2,3
DB-13120,David Bremer,2,4
KL-16645,Ken Lonsdale,1,1
KL-16645,Ken Lonsdale,1,2
KL-16645,Ken Lonsdale,1,3
KL-16645,Ken Lonsdale,1,4
DW-13480,Dianna Wilson,3,1
DW-13480,Dianna Wilson,3,2
DW-13480,Dianna Wilson,3,3
DW-13480,Dianna Wilson,3,4
LH-17155,Logan Haushalter,1,1
LH-17155,Logan Haushalter,1,2
LH-17155,Logan Haushalter,1,3
LH-17155,Logan Haushalter,1,4
KC-16540,Kelly Collister,1,1
KC-16540,Kelly Collister,1,2
KC-16540,Kelly Collister,1,3
KC-16540,Kelly Collister,1,4
DL-13315,Delfina Latchford,1,1
DL-13315,Delfina Latchford,1,2
DL-13315,Delfina Latchford,1,3
DL-13315,Delfina Latchford,1,4
DR-12880,Dan Reichenbach,2,1
DR-12880,Dan Reichenbach,2,2
DR-12880,Dan Reichenbach,2,3
DR-12880,Dan Reichenbach,2,4
CC-12670,Craig Carreira,1,1
CC-12670,Craig Carreira,1,2
CC-12670,Craig Carreira,1,3
CC-12670,Craig Carreira,1,4
Dl-13600,Dorris liebe,2,1
Dl-13600,Dorris liebe,2,2
Dl-13600,Dorris liebe,2,3
Dl-13600,Dorris liebe,2,4
SB-20290,Sean Braxton,2,1
SB-20290,Sean Braxton,2,2
SB-20290,Sean Braxton,2,3
SB-20290,Sean Braxton,2,4
RC-19825,Roy Collins,1,1
RC-19825,Roy Collins,1,2
RC-19825,Roy Collins,1,3
RC-19825,Roy Collins,1,4
AH-10210,Alan Hwang,1,1
AH-10210,Alan Hwang,1,2
AH-10210,Alan Hwang,1,3
AH-10210,Alan Hwang,1,4
CB-12535,Claudia Bergmann,2,1
CB-12535,Claudia Bergmann,2,2
CB-12535,Claudia Bergmann,2,3
CB-12535,Claudia Bergmann,2,4
CA-12310,Christine Abelman,2,1
CA-12310,Christine Abelman,2,2
CA-12310,Christine Abelman,2,3
CA-12310,Christine Abelman,2,4
KH-16690,Kristen Hastings,2,1
KH-16690,Kristen Hastings,2,2
KH-16690,Kristen Hastings,2,3
KH-16690,Kristen Hastings,2,4
BB-10990,Barry Blumstein,2,1
BB-10990,Barry Blumstein,2,2
BB-10990,Barry Blumstein,2,3
BB-10990,Barry Blumstein,2,4
AG-10495,Andrew Gjertsen,2,1
AG-10495,Andrew Gjertsen,2,2
AG-10495,Andrew Gjertsen,2,3
AG-10495,Andrew Gjertsen,2,4
JO-15280,Jas O'Carroll,1,1
JO-15280,Jas O'Carroll,1,2
JO-15280,Jas O'Carroll,1,3
JO-15280,Jas O'Carroll,1,4
AH-10195,Alan Haines,2,1
AH-10195,Alan Haines,2,2
AH-10195,Alan Haines,2,3
AH-10195,Alan Haines,2,4
NZ-18565,Nick Zandusky,3,1
NZ-18565,Nick Zandusky,3,2
NZ-18565,Nick Zandusky,3,3
NZ-18565,Nick Zandusky,3,4
KL-16555,Kelly Lampkin,2,1
KL-16555,Kelly Lampkin,2,2
KL-16555,Kelly Lampkin,2,3
KL-16555,Kelly Lampkin,2,4
AS-10225,Alan Schoenberger,2,1
AS-10225,Alan Schoenberger,2,2
AS-10225,Alan Schoenberger,2,3
AS-10225,Alan Schoenberger,2,4
CR-12625,Corey Roper,3,1
CR-12625,Corey Roper,3,2
CR-12625,Corey Roper,3,3
CR-12625,Corey Roper,3,4
SH-20395,Shahid Hopkins,1,1
SH-20395,Shahid Hopkins,1,2
SH-20395,Shahid Hopkins,1,3
SH-20395,Shahid Hopkins,1,4
BP-11185,Ben Peterman,2,1
BP-11185,Ben Peterman,2,2
BP-11185,Ben Peterman,2,3
BP-11185,Ben Peterman,2,4
TS-21205,Thomas Seio,2,1
TS-21205,Thomas Seio,2,2
TS-21205,Thomas Seio,2,3
TS-21205,Thomas Seio,2,4
AG-10525,Andy Gerbode,2,1
AG-10525,Andy Gerbode,2,2
AG-10525,Andy Gerbode,2,3
AG-10525,Andy Gerbode,2,4
SP-20860,Sung Pak,2,1
SP-20860,Sung Pak,2,2
SP-20860,Sung Pak,2,3
SP-20860,Sung Pak,2,4
NM-18445,Nathan Mautz,3,1
NM-18445,Nathan Mautz,3,2
NM-18445,Nathan Mautz,3,3
NM-18445,Nathan Mautz,3,4
FA-14230,Frank Atkinson,2,1
FA-14230,Frank Atkinson,2,2
FA-14230,Frank Atkinson,2,3
FA-14230,Frank Atkinson,2,4
GK-14620,Grace Kelly,2,1
GK-14620,Grace Kelly,2,2
GK-14620,Grace Kelly,2,3
GK-14620,Grace Kelly,2,4
DJ-13510,Don Jones,2,1
DJ-13510,Don Jones,2,2
DJ-13510,Don Jones,2,3
DJ-13510,Don Jones,2,4
PO-18850,Patrick O'Brill,1,1
PO-18850,Patrick O'Brill,1,2
PO-18850,Patrick O'Brill,1,3
PO-18850,Patrick O'Brill,1,4
JL-15850,John Lucas,1,1
JL-15850,John Lucas,1,2
JL-15850,John Lucas,1,3
JL-15850,John Lucas,1,4
DB-13615,Doug Bickford,1,1
DB-13615,Doug Bickford,1,2
DB-13615,Doug Bickford,1,3
DB-13615,Doug Bickford,1,4
AC-10420,Alyssa Crouse,2,1
AC-10420,Alyssa Crouse,2,2
AC-10420,Alyssa Crouse,2,3
AC-10420,Alyssa Crouse,2,4
CC-12550,Clay Cheatham,1,1
CC-12550,Clay Cheatham,1,2
CC-12550,Clay Cheatham,1,3
CC-12550,Clay Cheatham,1,4
TD-20995,Tamara Dahlen,1,1
TD-20995,Tamara Dahlen,1,2
TD-20995,Tamara Dahlen,1,3
TD-20995,Tamara Dahlen,1,4
AB-10060,Adam Bellavance,3,1
AB-10060,Adam Bellavance,3,2
AB-10060,Adam Bellavance,3,3
AB-10060,Adam Bellavance,3,4
JL-15505,Jeremy Lonsdale,1,1
JL-15505,Jeremy Lonsdale,1,2
JL-15505,Jeremy Lonsdale,1,3
JL-15505,Jeremy Lonsdale,1,4
VB-21745,Victoria Brennan,2,1
VB-21745,Victoria Brennan,2,2
VB-21745,Victoria Brennan,2,3
VB-21745,Victoria Brennan,2,4
KW-16435,Katrina Willman,1,1
KW-16435,Katrina Willman,1,2
KW-16435,Katrina Willman,1,3
KW-16435,Katrina Willman,1,4
JD-16060,Julia Dunbar,1,1
JD-16060,Julia Dunbar,1,2
JD-16060,Julia Dunbar,1,3
JD-16060,Julia Dunbar,1,4
MK-17905,Michael Kennedy,2,1
MK-17905,Michael Kennedy,2,2
MK-17905,Michael Kennedy,2,3
MK-17905,Michael Kennedy,2,4
GT-14755,Guy Thornton,1,1
GT-14755,Guy Thornton,1,2
GT-14755,Guy Thornton,1,3
GT-14755,Guy Thornton,1,4
AG-10900,Arthur Gainer,1,1
AG-10900,Arthur Gainer,1,2
AG-10900,Arthur Gainer,1,3
AG-10900,Arthur Gainer,1,4
MM-18280,Muhammed MacIntyre,2,1
MM-18280,Muhammed MacIntyre,2,2
MM-18280,Muhammed MacIntyre,2,3
MM-18280,Muhammed MacIntyre,2,4
AR-10405,Allen Rosenblatt,2,1
AR-10405,Allen Rosenblatt,2,2
AR-10405,Allen Rosenblatt,2,3
AR-10405,Allen Rosenblatt,2,4
RA-19915,Russell Applegate,1,1
RA-19915,Russell Applegate,1,2
RA-19915,Russell Applegate,1,3
RA-19915,Russell Applegate,1,4
AS-10285,Alejandro Savely,2,1
AS-10285,Alejandro Savely,2,2
AS-10285,Alejandro Savely,2,3
AS-10285,Alejandro Savely,2,4
LA-16780,Laura Armstrong,2,1
LA-16780,Laura Armstrong,2,2
LA-16780,Laura Armstrong,2,3
LA-16780,Laura Armstrong,2,4
DO-13435,Denny Ordway,1,1
DO-13435,Denny Ordway,1,2
DO-13435,Denny Ordway,1,3
DO-13435,Denny Ordway,1,4
DK-13225,Dean Katz,2,1
DK-13225,Dean Katz,2,2
DK-13225,Dean Katz,2,3
DK-13225,Dean Katz,2,4
NG-18430,Nathan Gelder,1,1
NG-18430,Nathan Gelder,1,2
NG-18430,Nathan Gelder,1,3
NG-18430,Nathan Gelder,1,4
MV-18190,Mike Vittorini,1,1
MV-18190,Mike Vittorini,1,2
MV-18190,Mike Vittorini,1,3
MV-18190,Mike Vittorini,1,4
JG-15115,Jack Garza,1,1
JG-15115,Jack Garza,1,2
JG-15115,Jack Garza,1,3
JG-15115,Jack Garza,1,4
BP-11095,Bart Pistole,2,1
BP-11095,Bart Pistole,2,2
BP-11095,Bart Pistole,2,3
BP-11095,Bart Pistole,2,4
VP-21730,Victor Preis,3,1
VP-21730,Victor Preis,3,2
VP-21730,Victor Preis,3,3
VP-21730,Victor Preis,3,4
SS-20140,Saphhira Shifley,2,1
SS-20140,Saphhira Shifley,2,2
SS-20140,Saphhira Shifley,2,3
SS-20140,Saphhira Shifley,2,4
AG-10675,Anna Gayman,1,1
AG-10675,Anna Gayman,1,2
AG-10675,Anna Gayman,1,3
AG-10675,Anna Gayman,1,4
LF-17185,Luke Foster,1,1
LF-17185,Luke Foster,1,2
LF-17185,Luke Foster,1,3
LF-17185,Luke Foster,1,4
RF-19840,Roy Französisch,1,1
RF-19840,Roy Französisch,1,2
RF-19840,Roy Französisch,1,3
RF-19840,Roy Französisch,1,4
KH-16510,Keith Herrera,1,1
KH-16510,Keith Herrera,1,2
KH-16510,Keith Herrera,1,3
KH-16510,Keith Herrera,1,4
KC-16675,Kimberly Carter,2,1
KC-16675,Kimberly Carter,2,2
KC-16675,Kimberly Carter,2,3
KC-16675,Kimberly Carter,2,4
CJ-12010,Caroline Jumper,1,1
CJ-12010,Caroline Jumper,1,2
CJ-12010,Caroline Jumper,1,3
CJ-12010,Caroline Jumper,1,4
PB-19150,Philip Brown,1,1
PB-19150,Philip Brown,1,2
PB-19150,Philip Brown,1,3
PB-19150,Philip Brown,1,4
MP-17965,Michael Paige,2,1
MP-17965,Michael Paige,2,2
MP-17965,Michael Paige,2,3
MP-17965,Michael Paige,2,4
NF-18385,Natalie Fritzler,1,1
NF-18385,Natalie Fritzler,1,2
NF-18385,Natalie Fritzler,1,3
NF-18385,Natalie Fritzler,1,4
SD-20485,Shirley Daniels,3,1
SD-20485,Shirley Daniels,3,2
SD-20485,Shirley Daniels,3,3
SD-20485,Shirley Daniels,3,4
KH-16630,Ken Heidel,2,1
KH-16630,Ken Heidel,2,2
KH-16630,Ken Heidel,2,3
KH-16630,Ken Heidel,2,4
RB-19795,Ross Baird,3,1
RB-19795,Ross Baird,3,2
RB-19795,Ross Baird,3,3
RB-19795,Ross Baird,3,4
MK-18160,Mike Kennedy,1,1
MK-18160,Mike Kennedy,1,2
MK-18160,Mike Kennedy,1,3
MK-18160,Mike Kennedy,1,4
PO-19180,Philisse Overcash,3,1
PO-19180,Philisse Overcash,3,2
PO-19180,Philisse Overcash,3,3
PO-19180,Philisse Overcash,3,4
BB-11545,Brenda Bowman,2,1
BB-11545,Brenda Bowman,2,2
BB-11545,Brenda Bowman,2,3
BB-11545,Brenda Bowman,2,4
TB-21595,Troy Blackwell,1,1
TB-21595,Troy Blackwell,1,2
TB-21595,Troy Blackwell,1,3
TB-21595,Troy Blackwell,1,4
RB-19360,Raymond Buch,1,1
RB-19360,Raymond Buch,1,2
RB-19360,Raymond Buch,1,3
RB-19360,Raymond Buch,1,4
EB-13705,Ed Braxton,2,1
EB-13705,Ed Braxton,2,2
EB-13705,Ed Braxton,2,3
EB-13705,Ed Braxton,2,4
SC-20095,Sanjit Chand,1,1
SC-20095,Sanjit Chand,1,2
SC-20095,Sanjit Chand,1,3
SC-20095,Sanjit Chand,1,4
TN-21040,Tanja Norvell,3,1
TN-21040,Tanja Norvell,3,2
TN-21040,Tanja Norvell,3,3
TN-21040,Tanja Norvell,3,4
JS-15940,Joni Sundaresam,3,1
JS-15940,Joni Sundaresam,3,2
JS-15940,Joni Sundaresam,3,3
JS-15940,Joni Sundaresam,3,4
MH-17785,Maya Herman,2,1
MH-17785,Maya Herman,2,2
MH-17785,Maya Herman,2,3
MH-17785,Maya Herman,2,4
JP-15520,Jeremy Pistek,1,1
JP-15520,Jeremy Pistek,1,2
JP-15520,Jeremy Pistek,1,3
JP-15520,Jeremy Pistek,1,4
JE-15475,Jeremy Ellison,1,1
JE-15475,Jeremy Ellison,1,2
JE-15475,Jeremy Ellison,1,3
JE-15475,Jeremy Ellison,1,4
JG-15805,John Grady,2,1
JG-15805,John Grady,2,2
JG-15805,John Grady,2,3
JG-15805,John Grady,2,4
XP-21865,Xylona Preis,1,1
XP-21865,Xylona Preis,1,2
XP-21865,Xylona Preis,1,3
XP-21865,Xylona Preis,1,4
EM-14065,Erin Mull,1,1
EM-14065,Erin Mull,1,2
EM-14065,Erin Mull,1,3
EM-14065,Erin Mull,1,4
MT-18070,Michelle Tran,3,1
MT-18070,Michelle Tran,3,2
MT-18070,Michelle Tran,3,3
MT-18070,Michelle Tran,3,4
SA-20830,Sue Ann Reed,1,1
SA-20830,Sue Ann Reed,1,2
SA-20830,Sue Ann Reed,1,3
SA-20830,Sue Ann Reed,1,4
CW-11905,Carl Weiss,3,1
CW-11905,Carl Weiss,3,2
CW-11905,Carl Weiss,3,3
CW-11905,Carl Weiss,3,4
AJ-10960,Astrea Jones,1,1
AJ-10960,Astrea Jones,1,2
AJ-10960,Astrea Jones,1,3
AJ-10960,Astrea Jones,1,4
SS-20590,Sonia Sunley,1,1
SS-20590,Sonia Sunley,1,2
SS-20590,Sonia Sunley,1,3
SS-20590,Sonia Sunley,1,4
RO-19780,Rose O'Brian,1,1
RO-19780,Rose O'Brian,1,2
RO-19780,Rose O'Brian,1,3
RO-19780,Rose O'Brian,1,4
MD-17350,Maribeth Dona,1,1
MD-17350,Maribeth Dona,1,2
MD-17350,Maribeth Dona,1,3
MD-17350,Maribeth Dona,1,4
MY-17380,Maribeth Yedwab,2,1
MY-17380,Maribeth Yedwab,2,2
MY-17380,Maribeth Yedwab,2,3
MY-17380,Maribeth Yedwab,2,4
CM-12385,Christopher Martinez,1,1
CM-12385,Christopher Martinez,1,2
CM-12385,Christopher Martinez,1,3
CM-12385,Christopher Martinez,1,4
LS-17245,Lynn Smith,1,1
LS-17245,Lynn Smith,1,2
LS-17245,Lynn Smith,1,3
LS-17245,Lynn Smith,1,4
BN-11515,Bradley Nguyen,1,1
BN-11515,Bradley Nguyen,1,2
BN-11515,Bradley Nguyen,1,3
BN-11515,Bradley Nguyen,1,4
DB-13210,Dean Braden,1,1
DB-13210,Dean Braden,1,2
DB-13210,Dean Braden,1,3
DB-13210,Dean Braden,1,4
MC-17605,Matt Connell,2,1
MC-17605,Matt Connell,2,2
MC-17605,Matt Connell,2,3
MC-17605,Matt Connell,2,4
BD-11605,Brian Dahlen,1,1
BD-11605,Brian Dahlen,1,2
BD-11605,Brian Dahlen,1,3
BD-11605,Brian Dahlen,1,4
PH-18790,Patricia Hirasaki,3,1
PH-18790,Patricia Hirasaki,3,2
PH-18790,Patricia Hirasaki,3,3
PH-18790,Patricia Hirasaki,3,4
MG-18145,Mike Gockenbach,1,1
MG-18145,Mike Gockenbach,1,2
MG-18145,Mike Gockenbach,1,3
MG-18145,Mike Gockenbach,1,4
KB-16240,Karen Bern,2,1
KB-16240,Karen Bern,2,2
KB-16240,Karen Bern,2,3
KB-16240,Karen Bern,2,4
JC-15340,Jasper Cacioppo,1,1
JC-15340,Jasper Cacioppo,1,2
JC-15340,Jasper Cacioppo,1,3
JC-15340,Jasper Cacioppo,1,4
RL-19615,Rob Lucas,1,1
RL-19615,Rob Lucas,1,2
RL-19615,Rob Lucas,1,3
RL-19615,Rob Lucas,1,4
AA-10375,Allen Armold,1,1
AA-10375,Allen Armold,1,2
AA-10375,Allen Armold,1,3
AA-10375,Allen Armold,1,4
EP-13915,Emily Phan,1,1
EP-13915,Emily Phan,1,2
EP-13915,Emily Phan,1,3
EP-13915,Emily Phan,1,4
DK-12985,Darren Koutras,1,1
DK-12985,Darren Koutras,1,2
DK-12985,Darren Koutras,1,3
DK-12985,Darren Koutras,1,4
BD-11500,Bradley Drucker,1,1
BD-11500,Bradley Drucker,1,2
BD-11500,Bradley Drucker,1,3
BD-11500,Bradley Drucker,1,4
LM-17065,Liz MacKendrick,1,1
LM-17065,Liz MacKendrick,1,2
LM-17065,Liz MacKendrick,1,3
LM-17065,Liz MacKendrick,1,4
AS-10135,Adrian Shami,3,1
AS-10135,Adrian Shami,3,2
AS-10135,Adrian Shami,3,3
AS-10135,Adrian Shami,3,4
BD-11320,Bill Donatelli,1,1
BD-11320,Bill Donatelli,1,2
BD-11320,Bill Donatelli,1,3
BD-11320,Bill Donatelli,1,4
GT-14710,Greg Tran,1,1
GT-14710,Greg Tran,1,2
GT-14710,Greg Tran,1,3
GT-14710,Greg Tran,1,4
AJ-10945,Ashley Jarboe,1,1
AJ-10945,Ashley Jarboe,1,2
AJ-10945,Ashley Jarboe,1,3
AJ-10945,Ashley Jarboe,1,4
OT-18730,Olvera Toch,1,1
OT-18730,Olvera Toch,1,2
OT-18730,Olvera Toch,1,3
OT-18730,Olvera Toch,1,4
LP-17080,Liz Pelletier,1,1
LP-17080,Liz Pelletier,1,2
LP-17080,Liz Pelletier,1,3
LP-17080,Liz Pelletier,1,4
CA-12775,Cynthia Arntzen,1,1
CA-12775,Cynthia Arntzen,1,2
CA-12775,Cynthia Arntzen,1,3
CA-12775,Cynthia Arntzen,1,4
JF-15490,Jeremy Farry,1,1
JF-15490,Jeremy Farry,1,2
JF-15490,Jeremy Farry,1,3
JF-15490,Jeremy Farry,1,4
FP-14320,Frank Preis,1,1
FP-14320,Frank Preis,1,2
FP-14320,Frank Preis,1,3
FP-14320,Frank Preis,1,4
EB-13840,Ellis Ballard,2,1
EB-13840,Ellis Ballard,2,2
EB-13840,Ellis Ballard,2,3
EB-13840,Ellis Ballard,2,4
JF-15415,Jennifer Ferguson,1,1
JF-15415,Jennifer Ferguson,1,2
JF-15415,Jennifer Ferguson,1,3
JF-15415,Jennifer Ferguson,1,4
SF-20200,Sarah Foster,1,1
SF-20200,Sarah Foster,1,2
SF-20200,Sarah Foster,1,3
SF-20200,Sarah Foster,1,4
TG-21640,Trudy Glocke,1,1
TG-21640,Trudy Glocke,1,2
TG-21640,Trudy Glocke,1,3
TG-21640,Trudy Glocke,1,4
CS-11950,Carlos Soltero,1,1
CS-11950,Carlos Soltero,1,2
CS-11950,Carlos Soltero,1,3
CS-11950,Carlos Soltero,1,4
CC-12145,Charles Crestani,1,1
CC-12145,Charles Crestani,1,2
CC-12145,Charles Crestani,1,3
CC-12145,Charles Crestani,1,4
DV-13465,Dianna Vittorini,1,1
DV-13465,Dianna Vittorini,1,2
DV-13465,Dianna Vittorini,1,3
DV-13465,Dianna Vittorini,1,4
BD-11725,Bruce Degenhardt,1,1
BD-11725,Bruce Degenhardt,1,2
BD-11725,Bruce Degenhardt,1,3
BD-11725,Bruce Degenhardt,1,4
ZC-21910,Zuschuss Carroll,1,1
ZC-21910,Zuschuss Carroll,1,2
ZC-21910,Zuschuss Carroll,1,3
ZC-21910,Zuschuss Carroll,1,4
MS-17830,Melanie Seite,1,1
MS-17830,Melanie Seite,1,2
MS-17830,Melanie Seite,1,3
MS-17830,Melanie Seite,1,4
LR-16915,Lena Radford,1,1
LR-16915,Lena Radford,1,2
LR-16915,Lena Radford,1,3
LR-16915,Lena Radford,1,4
TP-21130,Theone Pippenger,1,1
TP-21130,Theone Pippenger,1,2
TP-21130,Theone Pippenger,1,3
TP-21130,Theone Pippenger,1,4
CK-12205,Chloris Kastensmidt,1,1
CK-12205,Chloris Kastensmidt,1,2
CK-12205,Chloris Kastensmidt,1,3
CK-12205,Chloris Kastensmidt,1,4
AS-10240,Alan Shonely,1,1
AS-10240,Alan Shonely,1,2
AS-10240,Alan Shonely,1,3
AS-10240,Alan Shonely,1,4
AR-10510,Andrew Roberts,1,1
AR-10510,Andrew Roberts,1,2
AR-10510,Andrew Roberts,1,3
AR-10510,Andrew Roberts,1,4
NB-18655,Nona Balk,2,1
NB-18655,Nona Balk,2,2
NB-18655,Nona Balk,2,3
NB-18655,Nona Balk,2,4
GD-14590,Giulietta Dortch,2,1
GD-14590,Giulietta Dortch,2,2
GD-14590,Giulietta Dortch,2,3
GD-14590,Giulietta Dortch,2,4
CK-12595,Clytie Kelty,1,1
CK-12595,Clytie Kelty,1,2
CK-12595,Clytie Kelty,1,3
CK-12595,Clytie Kelty,1,4
NG-18355,Nat Gilpin,2,1
NG-18355,Nat Gilpin,2,2
NG-18355,Nat Gilpin,2,3
NG-18355,Nat Gilpin,2,4
CA-12265,Christina Anderson,1,1
CA-12265,Christina Anderson,1,2
CA-12265,Christina Anderson,1,3
CA-12265,Christina Anderson,1,4
SF-20965,Sylvia Foulston,2,1
SF-20965,Sylvia Foulston,2,2
SF-20965,Sylvia Foulston,2,3
SF-20965,Sylvia Foulston,2,4
MO-17800,Meg O'Connel,3,1
MO-17800,Meg O'Connel,3,2
MO-17800,Meg O'Connel,3,3
MO-17800,Meg O'Connel,3,4
AT-10735,Annie Thurman,1,1
AT-10735,Annie Thurman,1,2
AT-10735,Annie Thurman,1,3
AT-10735,Annie Thurman,1,4
FM-14380,Fred McMath,1,1
FM-14380,Fred McMath,1,2
FM-14380,Fred McMath,1,3
FM-14380,Fred McMath,1,4
DJ-13420,Denny Joy,2,1
DJ-13420,Denny Joy,2,2
DJ-13420,Denny Joy,2,3
DJ-13420,Denny Joy,2,4
ME-17725,Max Engle,1,1
ME-17725,Max Engle,1,2
ME-17725,Max Engle,1,3
ME-17725,Max Engle,1,4
JD-16150,Justin Deggeller,2,1
JD-16150,Justin Deggeller,2,2
JD-16150,Justin Deggeller,2,3
JD-16150,Justin Deggeller,2,4
JL-15835,John Lee,1,1
JL-15835,John Lee,1,2
JL-15835,John Lee,1,3
JL-15835,John Lee,1,4
SC-20305,Sean Christensen,1,1
SC-20305,Sean Christensen,1,2
SC-20305,Sean Christensen,1,3
SC-20305,Sean Christensen,1,4
CC-12430,Chuck Clark,3,1
CC-12430,Chuck Clark,3,2
CC-12430,Chuck Clark,3,3
CC-12430,Chuck Clark,3,4
AR-10825,Anthony Rawles,2,1
AR-10825,Anthony Rawles,2,2
AR-10825,Anthony Rawles,2,3
AR-10825,Anthony Rawles,2,4
SR-20740,Steven Roelle,3,1
SR-20740,Steven Roelle,3,2
SR-20740,Steven Roelle,3,3
SR-20740,Steven Roelle,3,4
CR-12730,Craig Reiter,1,1
CR-12730,Craig Reiter,1,2
CR-12730,Craig Reiter,1,3
CR-12730,Craig Reiter,1,4
EH-14125,Eugene Hildebrand,3,1
EH-14125,Eugene Hildebrand,3,2
EH-14125,Eugene Hildebrand,3,3
EH-14125,Eugene Hildebrand,3,4
SP-20545,Sibella Parks,2,1
SP-20545,Sibella Parks,2,2
SP-20545,Sibella Parks,2,3
SP-20545,Sibella Parks,2,4
TH-21235,Tiffany House,2,1
TH-21235,Tiffany House,2,2
TH-21235,Tiffany House,2,3
TH-21235,Tiffany House,2,4
RP-19390,Resi Pölking,1,1
RP-19390,Resi Pölking,1,2
RP-19390,Resi Pölking,1,3
RP-19390,Resi Pölking,1,4
RB-19570,Rob Beeghly,1,1
RB-19570,Rob Beeghly,1,2
RB-19570,Rob Beeghly,1,3
RB-19570,Rob Beeghly,1,4
CD-11980,Carol Darley,1,1
CD-11980,Carol Darley,1,2
CD-11980,Carol Darley,1,3
CD-11980,Carol Darley,1,4
DJ-13630,Doug Jacobs,1,1
DJ-13630,Doug Jacobs,1,2
DJ-13630,Doug Jacobs,1,3
DJ-13630,Doug Jacobs,1,4
GT-14635,Grant Thornton,2,1
GT-14635,Grant Thornton,2,2
GT-14635,Grant Thornton,2,3
GT-14635,Grant Thornton,2,4
MC-17845,Michael Chen,1,1
MC-17845,Michael Chen,1,2
MC-17845,Michael Chen,1,3
MC-17845,Michael Chen,1,4
RA-19285,Ralph Arnett,1,1
RA-19285,Ralph Arnett,1,2
RA-19285,Ralph Arnett,1,3
RA-19285,Ralph Arnett,1,4
NP-18325,Naresj Patel,1,1
NP-18325,Naresj Patel,1,2
NP-18325,Naresj Patel,1,3
NP-18325,Naresj Patel,1,4
AB-10165,Alan Barnes,1,1
AB-10165,Alan Barnes,1,2
AB-10165,Alan Barnes,1,3
AB-10165,Alan Barnes,1,4
JO-15550,Jesus Ocampo,3,1
JO-15550,Jesus Ocampo,3,2
JO-15550,Jesus Ocampo,3,3
JO-15550,Jesus Ocampo,3,4
JK-15370,Jay Kimmel,1,1
JK-15370,Jay Kimmel,1,2
JK-15370,Jay Kimmel,1,3
JK-15370,Jay Kimmel,1,4
BN-11470,Brad Norvell,2,1
BN-11470,Brad Norvell,2,2
BN-11470,Brad Norvell,2,3
BN-11470,Brad Norvell,2,4
DP-13165,David Philippe,1,1
DP-13165,David Philippe,1,2
DP-13165,David Philippe,1,3
DP-13165,David Philippe,1,4
TH-21550,Tracy Hopkins,3,1
TH-21550,Tracy Hopkins,3,2
TH-21550,Tracy Hopkins,3,3
TH-21550,Tracy Hopkins,3,4
AP-10915,Arthur Prichep,1,1
AP-10915,Arthur Prichep,1,2
AP-10915,Arthur Prichep,1,3
AP-10915,Arthur Prichep,1,4
RS-19765,Roland Schwarz,2,1
RS-19765,Roland Schwarz,2,2
RS-19765,Roland Schwarz,2,3
RS-19765,Roland Schwarz,2,4
SV-20365,Seth Vernon,1,1
SV-20365,Seth Vernon,1,2
SV-20365,Seth Vernon,1,3
SV-20365,Seth Vernon,1,4
CK-12325,Christine Kargatis,3,1
CK-12325,Christine Kargatis,3,2
CK-12325,Christine Kargatis,3,3
CK-12325,Christine Kargatis,3,4
RD-19810,Ross DeVincentis,3,1
RD-19810,Ross DeVincentis,3,2
RD-19810,Ross DeVincentis,3,3
RD-19810,Ross DeVincentis,3,4
MR-17545,Mathew Reese,3,1
MR-17545,Mathew Reese,3,2
MR-17545,Mathew Reese,3,3
MR-17545,Mathew Reese,3,4
SC-20695,Steve Chapman,2,1
SC-20695,Steve Chapman,2,2
SC-20695,Steve Chapman,2,3
SC-20695,Steve Chapman,2,4
JF-15355,Jay Fein,1,1
JF-15355,Jay Fein,1,2
JF-15355,Jay Fein,1,3
JF-15355,Jay Fein,1,4
EG-13900,Emily Grady,1,1
EG-13900,Emily Grady,1,2
EG-13900,Emily Grady,1,3
EG-13900,Emily Grady,1,4
DS-13030,Darrin Sayre,3,1
DS-13030,Darrin Sayre,3,2
DS-13030,Darrin Sayre,3,3
DS-13030,Darrin Sayre,3,4
PO-19195,Phillina Ober,3,1
PO-19195,Phillina Ober,3,2
PO-19195,Phillina Ober,3,3
PO-19195,Phillina Ober,3,4
SS-20875,Sung Shariari,1,1
SS-20875,Sung Shariari,1,2
SS-20875,Sung Shariari,1,3
SS-20875,Sung Shariari,1,4
PB-19105,Peter Bühler,1,1
PB-19105,Peter Bühler,1,2
PB-19105,Peter Bühler,1,3
PB-19105,Peter Bühler,1,4
RF-19735,Roland Fjeld,1,1
RF-19735,Roland Fjeld,1,2
RF-19735,Roland Fjeld,1,3
RF-19735,Roland Fjeld,1,4
YC-21895,Yoseph Carroll,2,1
YC-21895,Yoseph Carroll,2,2
YC-21895,Yoseph Carroll,2,3
YC-21895,Yoseph Carroll,2,4
DC-13285,Debra Catini,1,1
DC-13285,Debra Catini,1,2
DC-13285,Debra Catini,1,3
DC-13285,Debra Catini,1,4
CP-12340,Christine Phan,2,1
CP-12340,Christine Phan,2,2
CP-12340,Christine Phan,2,3
CP-12340,Christine Phan,2,4
BF-11020,Barry Französisch,2,1
BF-11020,Barry Französisch,2,2
BF-11020,Barry Französisch,2,3
BF-11020,Barry Französisch,2,4
LH-17020,Lisa Hazard,1,1
LH-17020,Lisa Hazard,1,2
LH-17020,Lisa Hazard,1,3
LH-17020,Lisa Hazard,1,4
CS-12250,Chris Selesnick,2,1
CS-12250,Chris Selesnick,2,2
CS-12250,Chris Selesnick,2,3
CS-12250,Chris Selesnick,2,4
AJ-10795,Anthony Johnson,2,1
AJ-10795,Anthony Johnson,2,2
AJ-10795,Anthony Johnson,2,3
AJ-10795,Anthony Johnson,2,4
BV-11245,Benjamin Venier,2,1
BV-11245,Benjamin Venier,2,2
BV-11245,Benjamin Venier,2,3
BV-11245,Benjamin Venier,2,4
DL-12865,Dan Lawera,1,1
DL-12865,Dan Lawera,1,2
DL-12865,Dan Lawera,1,3
DL-12865,Dan Lawera,1,4
BM-11785,Bryan Mills,1,1
BM-11785,Bryan Mills,1,2
BM-11785,Bryan Mills,1,3
BM-11785,Bryan Mills,1,4
LT-17110,Liz Thompson,1,1
LT-17110,Liz Thompson,1,2
LT-17110,Liz Thompson,1,3
LT-17110,Liz Thompson,1,4
JK-15730,Joe Kamberova,1,1
JK-15730,Joe Kamberova,1,2
JK-15730,Joe Kamberova,1,3
JK-15730,Joe Kamberova,1,4
ES-14020,Erica Smith,1,1
ES-14020,Erica Smith,1,2
ES-14020,Erica Smith,1,3
ES-14020,Erica Smith,1,4
RH-19495,Rick Hansen,1,1
RH-19495,Rick Hansen,1,2
RH-19495,Rick Hansen,1,3
RH-19495,Rick Hansen,1,4
CD-11920,Carlos Daly,1,1
CD-11920,Carlos Daly,1,2
CD-11920,Carlos Daly,1,3
CD-11920,Carlos Daly,1,4
HW-14935,Helen Wasserman,2,1
HW-14935,Helen Wasserman,2,2
HW-14935,Helen Wasserman,2,3
HW-14935,Helen Wasserman,2,4
MC-18130,Mike Caudle,2,1
MC-18130,Mike Caudle,2,2
MC-18130,Mike Caudle,2,3
MC-18130,Mike Caudle,2,4
GM-14440,Gary McGarr,1,1
GM-14440,Gary McGarr,1,2
GM-14440,Gary McGarr,1,3
GM-14440,Gary McGarr,1,4
PJ-19015,Pauline Johnson,1,1
PJ-19015,Pauline Johnson,1,2
PJ-19015,Pauline Johnson,1,3
PJ-19015,Pauline Johnson,1,4
BW-11110,Bart Watters,2,1
BW-11110,Bart Watters,2,2
BW-11110,Bart Watters,2,3
BW-11110,Bart Watters,2,4
TR-21325,Toby Ritter,1,1
TR-21325,Toby Ritter,1,2
TR-21325,Toby Ritter,1,3
TR-21325,Toby Ritter,1,4
PG-18820,Patrick Gardner,1,1
PG-18820,Patrick Gardner,1,2
PG-18820,Patrick Gardner,1,3
PG-18820,Patrick Gardner,1,4
JL-15175,James Lanier,3,1
JL-15175,James Lanier,3,2
JL-15175,James Lanier,3,3
JL-15175,James Lanier,3,4
BM-11650,Brian Moss,2,1
BM-11650,Brian Moss,2,2
BM-11650,Brian Moss,2,3
BM-11650,Brian Moss,2,4
EM-14095,Eudokia Martin,2,1
EM-14095,Eudokia Martin,2,2
EM-14095,Eudokia Martin,2,3
EM-14095,Eudokia Martin,2,4
AF-10885,Art Foster,1,1
AF-10885,Art Foster,1,2
AF-10885,Art Foster,1,3
AF-10885,Art Foster,1,4
GA-14725,Guy Armstrong,1,1
GA-14725,Guy Armstrong,1,2
GA-14725,Guy Armstrong,1,3
GA-14725,Guy Armstrong,1,4
CK-12760,Cyma Kinney,2,1
CK-12760,Cyma Kinney,2,2
CK-12760,Cyma Kinney,2,3
CK-12760,Cyma Kinney,2,4
DP-13105,Dave Poirier,2,1
DP-13105,Dave Poirier,2,2
DP-13105,Dave Poirier,2,3
DP-13105,Dave Poirier,2,4
BK-11260,Berenike Kampe,1,1
BK-11260,Berenike Kampe,1,2
BK-11260,Berenike Kampe,1,3
BK-11260,Berenike Kampe,1,4
SJ-20125,Sanjit Jacobs,3,1
SJ-20125,Sanjit Jacobs,3,2
SJ-20125,Sanjit Jacobs,3,3
SJ-20125,Sanjit Jacobs,3,4
CM-12445,Chuck Magee,1,1
CM-12445,Chuck Magee,1,2
CM-12445,Chuck Magee,1,3
CM-12445,Chuck Magee,1,4
AJ-10780,Anthony Jacobs,2,1
AJ-10780,Anthony Jacobs,2,2
AJ-10780,Anthony Jacobs,2,3
AJ-10780,Anthony Jacobs,2,4
LS-16945,Linda Southworth,2,1
LS-16945,Linda Southworth,2,2
LS-16945,Linda Southworth,2,3
LS-16945,Linda Southworth,2,4
GP-14740,Guy Phonely,2,1
GP-14740,Guy Phonely,2,2
GP-14740,Guy Phonely,2,3
GP-14740,Guy Phonely,2,4
PK-18910,Paul Knutson,3,1
PK-18910,Paul Knutson,3,2
PK-18910,Paul Knutson,3,3
PK-18910,Paul Knutson,3,4
SM-20005,Sally Matthias,1,1
SM-20005,Sally Matthias,1,2
SM-20005,Sally Matthias,1,3
SM-20005,Sally Matthias,1,4
AG-10765,Anthony Garverick,3,1
AG-10765,Anthony Garverick,3,2
AG-10765,Anthony Garverick,3,3
AG-10765,Anthony Garverick,3,4
PM-19135,Peter McVee,3,1
PM-19135,Peter McVee,3,2
PM-19135,Peter McVee,3,3
PM-19135,Peter McVee,3,4
LL-16840,Lauren Leatherbury,1,1
LL-16840,Lauren Leatherbury,1,2
LL-16840,Lauren Leatherbury,1,3
LL-16840,Lauren Leatherbury,1,4
JS-15595,Jill Stevenson,2,1
JS-15595,Jill Stevenson,2,2
JS-15595,Jill Stevenson,2,3
JS-15595,Jill Stevenson,2,4
EL-13735,Ed Ludwig,3,1
EL-13735,Ed Ludwig,3,2
EL-13735,Ed Ludwig,3,3
EL-13735,Ed Ludwig,3,4
PC-18745,Pamela Coakley,2,1
PC-18745,Pamela Coakley,2,2
PC-18745,Pamela Coakley,2,3
PC-18745,Pamela Coakley,2,4
HL-15040,Hunter Lopez,1,1
HL-15040,Hunter Lopez,1,2
HL-15040,Hunter Lopez,1,3
HL-15040,Hunter Lopez,1,4
MS-17365,Maribeth Schnelling,1,1
MS-17365,Maribeth Schnelling,1,2
MS-17365,Maribeth Schnelling,1,3
MS-17365,Maribeth Schnelling,1,4
GB-14530,George Bell,2,1
GB-14530,George Bell,2,2
GB-14530,George Bell,2,3
GB-14530,George Bell,2,4
JR-16210,Justin Ritter,2,1
JR-16210,Justin Ritter,2,2
JR-16210,Justin Ritter,2,3
JR-16210,Justin Ritter,2,4
BE-11335,Bill Eplett,3,1
BE-11335,Bill Eplett,3,2
BE-11335,Bill Eplett,3,3
BE-11335,Bill Eplett,3,4
SC-20050,Sample Company A,3,1
SC-20050,Sample Company A,3,2
SC-20050,Sample Company A,3,3
SC-20050,Sample Company A,3,4
RW-19630,Rob Williams,2,1
RW-19630,Rob Williams,2,2
RW-19630,Rob Williams,2,3
RW-19630,Rob Williams,2,4
SE-20110,Sanjit Engle,1,1
SE-20110,Sanjit Engle,1,2
SE-20110,Sanjit Engle,1,3
SE-20110,Sanjit Engle,1,4
AH-10075,Adam Hart,2,1
AH-10075,Adam Hart,2,2
AH-10075,Adam Hart,2,3
AH-10075,Adam Hart,2,4
JM-15535,Jessica Myrick,1,1
JM-15535,Jessica Myrick,1,2
JM-15535,Jessica Myrick,1,3
JM-15535,Jessica Myrick,1,4
JJ-15760,Joel Jenkins,3,1
JJ-15760,Joel Jenkins,3,2
JJ-15760,Joel Jenkins,3,3
JJ-15760,Joel Jenkins,3,4
RK-19300,Ralph Kennedy,1,1
RK-19300,Ralph Kennedy,1,2
RK-19300,Ralph Kennedy,1,3
RK-19300,Ralph Kennedy,1,4
CG-12040,Catherine Glotzbach,3,1
CG-12040,Catherine Glotzbach,3,2
CG-12040,Catherine Glotzbach,3,3
CG-12040,Catherine Glotzbach,3,4
RP-19270,Rachel Payne,2,1
RP-19270,Rachel Payne,2,2
RP-19270,Rachel Payne,2,3
RP-19270,Rachel Payne,2,4
KC-16255,Karen Carlisle,2,1
KC-16255,Karen Carlisle,2,2
KC-16255,Karen Carlisle,2,3
KC-16255,Karen Carlisle,2,4
KH-16360,Katherine Hughes,1,1
KH-16360,Katherine Hughes,1,2
KH-16360,Katherine Hughes,1,3
KH-16360,Katherine Hughes,1,4
GH-14665,Greg Hansen,1,1
GH-14665,Greg Hansen,1,2
GH-14665,Greg Hansen,1,3
GH-14665,Greg Hansen,1,4
SW-20275,Scott Williamson,1,1
SW-20275,Scott Williamson,1,2
SW-20275,Scott Williamson,1,3
SW-20275,Scott Williamson,1,4
JA-15970,Joseph Airdo,1,1
JA-15970,Joseph Airdo,1,2
JA-15970,Joseph Airdo,1,3
JA-15970,Joseph Airdo,1,4
DL-12925,Daniel Lacy,1,1
DL-12925,Daniel Lacy,1,2
DL-12925,Daniel Lacy,1,3
DL-12925,Daniel Lacy,1,4
LW-16990,Lindsay Williams,2,1
LW-16990,Lindsay Williams,2,2
LW-16990,Lindsay Williams,2,3
LW-16990,Lindsay Williams,2,4
TB-21190,Thomas Brumley,3,1
TB-21190,Thomas Brumley,3,2
TB-21190,Thomas Brumley,3,3
TB-21190,Thomas Brumley,3,4
BS-11800,Bryan Spruell,3,1
BS-11800,Bryan Spruell,3,2
BS-11800,Bryan Spruell,3,3
BS-11800,Bryan Spruell,3,4
RW-19690,Robert Waldorf,1,1
RW-19690,Robert Waldorf,1,2
RW-19690,Robert Waldorf,1,3
RW-19690,Robert Waldorf,1,4
TZ-21580,Tracy Zic,1,1
TZ-21580,Tracy Zic,1,2
TZ-21580,Tracy Zic,1,3
TZ-21580,Tracy Zic,1,4
AS-10630,Ann Steele,3,1
AS-10630,Ann Steele,3,2
AS-10630,Ann Steele,3,3
AS-10630,Ann Steele,3,4
TS-21340,Toby Swindell,1,1
TS-21340,Toby Swindell,1,2
TS-21340,Toby Swindell,1,3
TS-21340,Toby Swindell,1,4
SL-20155,Sara Luxemburg,3,1
SL-20155,Sara Luxemburg,3,2
SL-20155,Sara Luxemburg,3,3
SL-20155,Sara Luxemburg,3,4
MW-18235,Mitch Willingham,2,1
MW-18235,Mitch Willingham,2,2
MW-18235,Mitch Willingham,2,3
MW-18235,Mitch Willingham,2,4
RD-19585,Rob Dowd,1,1
RD-19585,Rob Dowd,1,2
RD-19585,Rob Dowd,1,3
RD-19585,Rob Dowd,1,4
RA-19945,Ryan Akin,1,1
RA-19945,Ryan Akin,1,2
RA-19945,Ryan Akin,1,3
RA-19945,Ryan Akin,1,4
MT-17815,Meg Tillman,1,1
MT-17815,Meg Tillman,1,2
MT-17815,Meg Tillman,1,3
MT-17815,Meg Tillman,1,4
VG-21790,Vivek Gonzalez,1,1
VG-21790,Vivek Gonzalez,1,2
VG-21790,Vivek Gonzalez,1,3
VG-21790,Vivek Gonzalez,1,4
JS-15880,John Stevenson,1,1
JS-15880,John Stevenson,1,2
JS-15880,John Stevenson,1,3
JS-15880,John Stevenson,1,4
KM-16225,Kalyca Meade,2,1
KM-16225,Kalyca Meade,2,2
KM-16225,Kalyca Meade,2,3
KM-16225,Kalyca Meade,2,4
HR-14770,Hallie Redmond,3,1
HR-14770,Hallie Redmond,3,2
HR-14770,Hallie Redmond,3,3
HR-14770,Hallie Redmond,3,4
DE-13255,Deanra Eno,3,1
DE-13255,Deanra Eno,3,2
DE-13255,Deanra Eno,3,3
DE-13255,Deanra Eno,3,4
AG-10390,Allen Goldenen,1,1
AG-10390,Allen Goldenen,1,2
AG-10390,Allen Goldenen,1,3
AG-10390,Allen Goldenen,1,4
JJ-15445,Jennifer Jackson,1,1
JJ-15445,Jennifer Jackson,1,2
JJ-15445,Jennifer Jackson,1,3
JJ-15445,Jennifer Jackson,1,4
JH-15430,Jennifer Halladay,1,1
JH-15430,Jennifer Halladay,1,2
JH-15430,Jennifer Halladay,1,3
JH-15430,Jennifer Halladay,1,4
RD-19660,Robert Dilbeck,3,1
RD-19660,Robert Dilbeck,3,2
RD-19660,Robert Dilbeck,3,3
RD-19660,Robert Dilbeck,3,4
MO-17500,Mary O'Rourke,1,1
MO-17500,Mary O'Rourke,1,2
MO-17500,Mary O'Rourke,1,3
MO-17500,Mary O'Rourke,1,4
NS-18640,Noel Staavos,2,1
NS-18640,Noel Staavos,2,2
NS-18640,Noel Staavos,2,3
NS-18640,Noel Staavos,2,4
DG-13300,Deirdre Greer,2,1
DG-13300,Deirdre Greer,2,2
DG-13300,Deirdre Greer,2,3
DG-13300,Deirdre Greer,2,4
NF-18595,Nicole Fjeld,3,1
NF-18595,Nicole Fjeld,3,2
NF-18595,Nicole Fjeld,3,3
NF-18595,Nicole Fjeld,3,4
MG-17650,Matthew Grinstein,3,1
MG-17650,Matthew Grinstein,3,2
MG-17650,Matthew Grinstein,3,3
MG-17650,Matthew Grinstein,3,4
TS-21160,Theresa Swint,2,1
TS-21160,Theresa Swint,2,2
TS-21160,Theresa Swint,2,3
TS-21160,Theresa Swint,2,4
BD-11620,Brian DeCherney,1,1
BD-11620,Brian DeCherney,1,2
BD-11620,Brian DeCherney,1,3
BD-11620,Brian DeCherney,1,4
CM-12160,Charles McCrossin,1,1
CM-12160,Charles McCrossin,1,2
CM-12160,Charles McCrossin,1,3
CM-12160,Charles McCrossin,1,4
SN-20560,Skye Norling,3,1
SN-20560,Skye Norling,3,2
SN-20560,Skye Norling,3,3
SN-20560,Skye Norling,3,4
EH-14005,Erica Hernandez,3,1
EH-14005,Erica Hernandez,3,2
EH-14005,Erica Hernandez,3,3
EH-14005,Erica Hernandez,3,4
FO-14305,Frank Olsen,1,1
FO-14305,Frank Olsen,1,2
FO-14305,Frank Olsen,1,3
FO-14305,Frank Olsen,1,4
MS-17710,Maurice Satty,1,1
MS-17710,Maurice Satty,1,2
MS-17710,Maurice Satty,1,3
MS-17710,Maurice Satty,1,4
CC-12100,Chad Cunningham,3,1
CC-12100,Chad Cunningham,3,2
CC-12100,Chad Cunningham,3,3
CC-12100,Chad Cunningham,3,4
DW-13540,Don Weiss,1,1
DW-13540,Don Weiss,1,2
DW-13540,Don Weiss,1,3
DW-13540,Don Weiss,1,4
BT-11395,Bill Tyler,2,1
BT-11395,Bill Tyler,2,2
BT-11395,Bill Tyler,2,3
BT-11395,Bill Tyler,2,4
CY-12745,Craig Yedwab,2,1
CY-12745,Craig Yedwab,2,2
CY-12745,Craig Yedwab,2,3
CY-12745,Craig Yedwab,2,4
BT-11485,Brad Thomas,3,1
BT-11485,Brad Thomas,3,2
BT-11485,Brad Thomas,3,3
BT-11485,Brad Thomas,3,4
PS-19045,Penelope Sewall,3,1
PS-19045,Penelope Sewall,3,2
PS-19045,Penelope Sewall,3,3
PS-19045,Penelope Sewall,3,4
PV-18985,Paul Van Hugh,3,1
PV-18985,Paul Van Hugh,3,2
PV-18985,Paul Van Hugh,3,3
PV-18985,Paul Van Hugh,3,4
NM-18520,Neoma Murray,1,1
NM-18520,Neoma Murray,1,2
NM-18520,Neoma Murray,1,3
NM-18520,Neoma Murray,1,4
DL-13495,Dionis Lloyd,2,1
DL-13495,Dionis Lloyd,2,2
DL-13495,Dionis Lloyd,2,3
DL-13495,Dionis Lloyd,2,4
CS-12355,Christine Sundaresam,1,1
CS-12355,Christine Sundaresam,1,2
CS-12355,Christine Sundaresam,1,3
CS-12355,Christine Sundaresam,1,4
FH-14275,Frank Hawley,2,1
FH-14275,Frank Hawley,2,2
FH-14275,Frank Hawley,2,3
FH-14275,Frank Hawley,2,4
NC-18340,Nat Carroll,1,1
NC-18340,Nat Carroll,1,2
NC-18340,Nat Carroll,1,3
NC-18340,Nat Carroll,1,4
AA-10315,Alex Avila,1,1
AA-10315,Alex Avila,1,2
AA-10315,Alex Avila,1,3
AA-10315,Alex Avila,1,4
LT-16765,Larry Tron,1,1
LT-16765,Larry Tron,1,2
LT-16765,Larry Tron,1,3
LT-16765,Larry Tron,1,4
AP-10720,Anne Pryor,3,1
AP-10720,Anne Pryor,3,2
AP-10720,Anne Pryor,3,3
AP-10720,Anne Pryor,3,4
PM-18940,Paul MacIntyre,1,1
PM-18940,Paul MacIntyre,1,2
PM-18940,Paul MacIntyre,1,3
PM-18940,Paul MacIntyre,1,4
AT-10435,Alyssa Tate,3,1
AT-10435,Alyssa Tate,3,2
AT-10435,Alyssa Tate,3,3
AT-10435,Alyssa Tate,3,4
CA-12055,Cathy Armstrong,3,1
CA-12055,Cathy Armstrong,3,2
CA-12055,Cathy Armstrong,3,3
CA-12055,Cathy Armstrong,3,4
HR-14830,Harold Ryan,2,1
HR-14830,Harold Ryan,2,2
HR-14830,Harold Ryan,2,3
HR-14830,Harold Ryan,2,4
BT-11530,Bradley Talbott,3,1
BT-11530,Bradley Talbott,3,2
BT-11530,Bradley Talbott,3,3
BT-11530,Bradley Talbott,3,4
LH-16750,Larry Hughes,1,1
LH-16750,Larry Hughes,1,2
LH-16750,Larry Hughes,1,3
LH-16750,Larry Hughes,1,4
SW-20755,Steven Ward,2,1
SW-20755,Steven Ward,2,2
SW-20755,Steven Ward,2,3
SW-20755,Steven Ward,2,4
SP-20620,Stefania Perrino,2,1
SP-20620,Stefania Perrino,2,2
SP-20620,Stefania Perrino,2,3
SP-20620,Stefania Perrino,2,4
BF-11170,Ben Ferrer,3,1
BF-11170,Ben Ferrer,3,2
BF-11170,Ben Ferrer,3,3
BF-11170,Ben Ferrer,3,4
KT-16480,Kean Thornton,1,1
KT-16480,Kean Thornton,1,2
KT-16480,Kean Thornton,1,3
KT-16480,Kean Thornton,1,4
BG-11695,Brooke Gillingham,2,1
BG-11695,Brooke Gillingham,2,2
BG-11695,Brooke Gillingham,2,3
BG-11695,Brooke Gillingham,2,4
GM-14680,Greg Matthias,1,1
GM-14680,Greg Matthias,1,2
GM-14680,Greg Matthias,1,3
GM-14680,Greg Matthias,1,4
EJ-14155,Eva Jacobs,1,1
EJ-14155,Eva Jacobs,1,2
EJ-14155,Eva Jacobs,1,3
EJ-14155,Eva Jacobs,1,4
NP-18700,Nora Preis,1,1
NP-18700,Nora Preis,1,2
NP-18700,Nora Preis,1,3
NP-18700,Nora Preis,1,4
MH-18115,Mick Hernandez,3,1
MH-18115,Mick Hernandez,3,2
MH-18115,Mick Hernandez,3,3
MH-18115,Mick Hernandez,3,4
JR-15700,Jocasta Rupert,1,1
JR-15700,Jocasta Rupert,1,2
JR-15700,Jocasta Rupert,1,3
JR-15700,Jocasta Rupert,1,4
SM-20950,Suzanne McNair,2,1
SM-20950,Suzanne McNair,2,2
SM-20950,Suzanne McNair,2,3
SM-20950,Suzanne McNair,2,4
CC-12220,Chris Cortes,1,1
CC-12220,Chris Cortes,1,2
CC-12220,Chris Cortes,1,3
CC-12220,Chris Cortes,1,4
PF-19225,Phillip Flathmann,1,1
PF-19225,Phillip Flathmann,1,2
PF-19225,Phillip Flathmann,1,3
PF-19225,Phillip Flathmann,1,4
DC-12850,Dan Campbell,1,1
DC-12850,Dan Campbell,1,2
DC-12850,Dan Campbell,1,3
DC-12850,Dan Campbell,1,4
BD-11770,Bryan Davis,1,1
BD-11770,Bryan Davis,1,2
BD-11770,Bryan Davis,1,3
BD-11770,Bryan Davis,1,4
GM-14500,Gene McClure,1,1
GM-14500,Gene McClure,1,2
GM-14500,Gene McClure,1,3
GM-14500,Gene McClure,1,4
TB-21355,Todd Boyes,2,1
TB-21355,Todd Boyes,2,2
TB-21355,Todd Boyes,2,3
TB-21355,Todd Boyes,2,4
JH-16180,Justin Hirsh,1,1
JH-16180,Justin Hirsh,1,2
JH-16180,Justin Hirsh,1,3
JH-16180,Justin Hirsh,1,4
EB-13975,Erica Bern,2,1
EB-13975,Erica Bern,2,2
EB-13975,Erica Bern,2,3
EB-13975,Erica Bern,2,4
QJ-19255,Quincy Jones,2,1
QJ-19255,Quincy Jones,2,2
QJ-19255,Quincy Jones,2,3
QJ-19255,Quincy Jones,2,4
TC-21535,Tracy Collins,3,1
TC-21535,Tracy Collins,3,2
TC-21535,Tracy Collins,3,3
TC-21535,Tracy Collins,3,4
CS-12460,Chuck Sachs,1,1
CS-12460,Chuck Sachs,1,2
CS-12460,Chuck Sachs,1,3
CS-12460,Chuck Sachs,1,4
HG-14965,Henry Goldwyn,2,1
HG-14965,Henry Goldwyn,2,2
HG-14965,Henry Goldwyn,2,3
HG-14965,Henry Goldwyn,2,4
LW-16825,Laurel Workman,2,1
LW-16825,Laurel Workman,2,2
LW-16825,Laurel Workman,2,3
LW-16825,Laurel Workman,2,4
MC-17575,Matt Collins,1,1
MC-17575,Matt Collins,1,2
MC-17575,Matt Collins,1,3
MC-17575,Matt Collins,1,4
LP-17095,Liz Preis,1,1
LP-17095,Liz Preis,1,2
LP-17095,Liz Preis,1,3
LP-17095,Liz Preis,1,4
EB-14170,Evan Bailliet,1,1
EB-14170,Evan Bailliet,1,2
EB-14170,Evan Bailliet,1,3
EB-14170,Evan Bailliet,1,4
GZ-14545,George Zrebassa,2,1
GZ-14545,George Zrebassa,2,2
GZ-14545,George Zrebassa,2,3
GZ-14545,George Zrebassa,2,4
CP-12085,Cathy Prescott,2,1
CP-12085,Cathy Prescott,2,2
CP-12085,Cathy Prescott,2,3
CP-12085,Cathy Prescott,2,4
FG-14260,Frank Gastineau,3,1
FG-14260,Frank Gastineau,3,2
FG-14260,Frank Gastineau,3,3
FG-14260,Frank Gastineau,3,4
LD-17005,Lisa DeCherney,1,1
LD-17005,Lisa DeCherney,1,2
LD-17005,Lisa DeCherney,1,3
LD-17005,Lisa DeCherney,1,4
AB-10255,Alejandro Ballentine,3,1
AB-10255,Alejandro Ballentine,3,2
AB-10255,Alejandro Ballentine,3,3
AB-10255,Alejandro Ballentine,3,4
MN-17935,Michael Nguyen,1,1
MN-17935,Michael Nguyen,1,2
MN-17935,Michael Nguyen,1,3
MN-17935,Michael Nguyen,1,4
JR-15670,Jim Radford,1,1
JR-15670,Jim Radford,1,2
JR-15670,Jim Radford,1,3
JR-15670,Jim Radford,1,4
JF-15190,Jamie Frazer,1,1
JF-15190,Jamie Frazer,1,2
JF-15190,Jamie Frazer,1,3
JF-15190,Jamie Frazer,1,4
CM-12115,Chad McGuire,1,1
CM-12115,Chad McGuire,1,2
CM-12115,Chad McGuire,1,3
CM-12115,Chad McGuire,1,4
AS-10045,Aaron Smayling,2,1
AS-10045,Aaron Smayling,2,2
AS-10045,Aaron Smayling,2,3
AS-10045,Aaron Smayling,2,4
BP-11290,Beth Paige,1,1
BP-11290,Beth Paige,1,2
BP-11290,Beth Paige,1,3
BP-11290,Beth Paige,1,4
ND-18370,Natalie DeCherney,1,1
ND-18370,Natalie DeCherney,1,2
ND-18370,Natalie DeCherney,1,3
ND-18370,Natalie DeCherney,1,4
LB-16735,Larry Blacks,1,1
LB-16735,Larry Blacks,1,2
LB-16735,Larry Blacks,1,3
LB-16735,Larry Blacks,1,4
KT-16465,Kean Takahito,1,1
KT-16465,Kean Takahito,1,2
KT-16465,Kean Takahito,1,3
KT-16465,Kean Takahito,1,4
HM-14860,Harry Marie,2,1
HM-14860,Harry Marie,2,2
HM-14860,Harry Marie,2,3
HM-14860,Harry Marie,2,4
AB-10600,Ann Blume,2,1
AB-10600,Ann Blume,2,2
AB-10600,Ann Blume,2,3
AB-10600,Ann Blume,2,4
SZ-20035,Sam Zeldin,3,1
SZ-20035,Sam Zeldin,3,2
SZ-20035,Sam Zeldin,3,3
SZ-20035,Sam Zeldin,3,4
MG-17890,Michael Granlund,3,1
MG-17890,Michael Granlund,3,2
MG-17890,Michael Granlund,3,3
MG-17890,Michael Granlund,3,4
JK-16120,Julie Kriz,3,1
JK-16120,Julie Kriz,3,2
JK-16120,Julie Kriz,3,3
JK-16120,Julie Kriz,3,4
PP-18955,Paul Prost,3,1
PP-18955,Paul Prost,3,2
PP-18955,Paul Prost,3,3
PP-18955,Paul Prost,3,4
YS-21880,Yana Sorensen,2,1
YS-21880,Yana Sorensen,2,2
YS-21880,Yana Sorensen,2,3
YS-21880,Yana Sorensen,2,4
KM-16375,Katherine Murray,3,1
KM-16375,Katherine Murray,3,2
KM-16375,Katherine Murray,3,3
KM-16375,Katherine Murray,3,4
AB-10105,Adrian Barton,1,1
AB-10105,Adrian Barton,1,2
AB-10105,Adrian Barton,1,3
AB-10105,Adrian Barton,1,4
HA-14905,Helen Abelman,1,1
HA-14905,Helen Abelman,1,2
HA-14905,Helen Abelman,1,3
HA-14905,Helen Abelman,1,4
BT-11305,Beth Thompson,3,1
BT-11305,Beth Thompson,3,2
BT-11305,Beth Thompson,3,3
BT-11305,Beth Thompson,3,4
SV-20815,Stuart Van,2,1
SV-20815,Stuart Van,2,2
SV-20815,Stuart Van,2,3
SV-20815,Stuart Van,2,4
RW-19540,Rick Wilson,2,1
RW-19540,Rick Wilson,2,2
RW-19540,Rick Wilson,2,3
RW-19540,Rick Wilson,2,4
DK-12835,Damala Kotsonis,2,1
DK-12835,Damala Kotsonis,2,2
DK-12835,Damala Kotsonis,2,3
DK-12835,Damala Kotsonis,2,4
ST-20530,Shui Tom,1,1
ST-20530,Shui Tom,1,2
ST-20530,Shui Tom,1,3
ST-20530,Shui Tom,1,4
MM-17920,Michael Moore,1,1
MM-17920,Michael Moore,1,2
MM-17920,Michael Moore,1,3
MM-17920,Michael Moore,1,4
PW-19030,Pauline Webber,2,1
PW-19030,Pauline Webber,2,2
PW-19030,Pauline Webber,2,3
PW-19030,Pauline Webber,2,4
SC-20440,Shaun Chance,2,1
SC-20440,Shaun Chance,2,2
SC-20440,Shaun Chance,2,3
SC-20440,Shaun Chance,2,4
TS-21085,Thais Sissman,1,1
TS-21085,Thais Sissman,1,2
TS-21085,Thais Sissman,1,3
TS-21085,Thais Sissman,1,4
MC-17425,Mark Cousins,2,1
MC-17425,Mark Cousins,2,2
MC-17425,Mark Cousins,2,3
MC-17425,Mark Cousins,2,4
ME-17320,Maria Etezadi,3,1
ME-17320,Maria Etezadi,3,2
ME-17320,Maria Etezadi,3,3
ME-17320,Maria Etezadi,3,4
NH-18610,Nicole Hansen,2,1
NH-18610,Nicole Hansen,2,2
NH-18610,Nicole Hansen,2,3
NH-18610,Nicole Hansen,2,4
MB-18085,Mick Brown,1,1
MB-18085,Mick Brown,1,2
MB-18085,Mick Brown,1,3
MB-18085,Mick Brown,1,4
KD-16495,Keith Dawkins,2,1
KD-16495,Keith Dawkins,2,2
KD-16495,Keith Dawkins,2,3
KD-16495,Keith Dawkins,2,4
KN-16390,Katherine Nockton,2,1
KN-16390,Katherine Nockton,2,2
KN-16390,Katherine Nockton,2,3
KN-16390,Katherine Nockton,2,4
NP-18685,Nora Pelletier,3,1
NP-18685,Nora Pelletier,3,2
NP-18685,Nora Pelletier,3,3
NP-18685,Nora Pelletier,3,4
CS-12505,Cindy Stewart,1,1
CS-12505,Cindy Stewart,1,2
CS-12505,Cindy Stewart,1,3
CS-12505,Cindy Stewart,1,4
MS-17770,Maxwell Schwartz,1,1
MS-17770,Maxwell Schwartz,1,2
MS-17770,Maxwell Schwartz,1,3
MS-17770,Maxwell Schwartz,1,4
CM-12655,Corinna Mitchell,3,1
CM-12655,Corinna Mitchell,3,2
CM-12655,Corinna Mitchell,3,3
CM-12655,Corinna Mitchell,3,4
Co-12640,Corey-Lock,1,1
Co-12640,Corey-Lock,1,2
Co-12640,Corey-Lock,1,3
Co-12640,Corey-Lock,1,4
TS-21370,Todd Sumrall,2,1
TS-21370,Todd Sumrall,2,2
TS-21370,Todd Sumrall,2,3
TS-21370,Todd Sumrall,2,4
JW-15220,Jane Waco,2,1
JW-15220,Jane Waco,2,2
JW-15220,Jane Waco,2,3
JW-15220,Jane Waco,2,4
JD-15790,John Dryer,1,1
JD-15790,John Dryer,1,2
JD-15790,John Dryer,1,3
JD-15790,John Dryer,1,4
PC-19000,Pauline Chand,3,1
PC-19000,Pauline Chand,3,2
PC-19000,Pauline Chand,3,3
PC-19000,Pauline Chand,3,4
AR-10540,Andy Reiter,1,1
AR-10540,Andy Reiter,1,2
AR-10540,Andy Reiter,1,3
AR-10540,Andy Reiter,1,4
AI-10855,Arianne Irving,1,1
AI-10855,Arianne Irving,1,2
AI-10855,Arianne Irving,1,3
AI-10855,Arianne Irving,1,4
TB-21400,Tom Boeckenhauer,1,1
TB-21400,Tom Boeckenhauer,1,2
TB-21400,Tom Boeckenhauer,1,3
TB-21400,Tom Boeckenhauer,1,4
PL-18925,Paul Lucas,3,1
PL-18925,Paul Lucas,3,2
PL-18925,Paul Lucas,3,3
PL-18925,Paul Lucas,3,4
GH-14425,Gary Hwang,1,1
GH-14425,Gary Hwang,1,2
GH-14425,Gary Hwang,1,3
GH-14425,Gary Hwang,1,4
MP-18175,Mike Pelletier,3,1
MP-18175,Mike Pelletier,3,2
MP-18175,Mike Pelletier,3,3
MP-18175,Mike Pelletier,3,4
JM-15655,Jim Mitchum,2,1
JM-15655,Jim Mitchum,2,2
JM-15655,Jim Mitchum,2,3
JM-15655,Jim Mitchum,2,4
CL-11890,Carl Ludwig,1,1
CL-11890,Carl Ludwig,1,2
CL-11890,Carl Ludwig,1,3
CL-11890,Carl Ludwig,1,4
DB-13270,Deborah Brumfield,3,1
DB-13270,Deborah Brumfield,3,2
DB-13270,Deborah Brumfield,3,3
DB-13270,Deborah Brumfield,3,4
IG-15085,Ivan Gibson,1,1
IG-15085,Ivan Gibson,1,2
IG-15085,Ivan Gibson,1,3
IG-15085,Ivan Gibson,1,4
BO-11425,Bobby Odegard,1,1
BO-11425,Bobby Odegard,1,2
BO-11425,Bobby Odegard,1,3
BO-11425,Bobby Odegard,1,4
AB-10150,Aimee Bixby,1,1
AB-10150,Aimee Bixby,1,2
AB-10150,Aimee Bixby,1,3
AB-10150,Aimee Bixby,1,4
JW-16075,Julia West,1,1
JW-16075,Julia West,1,2
JW-16075,Julia West,1,3
JW-16075,Julia West,1,4
EB-13750,Edward Becker,2,1
EB-13750,Edward Becker,2,2
EB-13750,Edward Becker,2,3
EB-13750,Edward Becker,2,4
SG-20470,Sheri Gordon,1,1
SG-20470,Sheri Gordon,1,2
SG-20470,Sheri Gordon,1,3
SG-20470,Sheri Gordon,1,4
CM-12190,Charlotte Melton,1,1
CM-12190,Charlotte Melton,1,2
CM-12190,Charlotte Melton,1,3
CM-12190,Charlotte Melton,1,4
AW-10840,Anthony Witt,1,1
AW-10840,Anthony Witt,1,2
AW-10840,Anthony Witt,1,3
AW-10840,Anthony Witt,1,4
MC-18100,Mick Crebagga,1,1
MC-18100,Mick Crebagga,1,2
MC-18100,Mick Crebagga,1,3
MC-18100,Mick Crebagga,1,4
TT-21460,Tonja Turnell,3,1
TT-21460,Tonja Turnell,3,2
TT-21460,Tonja Turnell,3,3
TT-21460,Tonja Turnell,3,4
VG-21805,Vivek Grady,2,1
VG-21805,Vivek Grady,2,2
VG-21805,Vivek Grady,2,3
VG-21805,Vivek Grady,2,4
MY-18295,Muhammed Yedwab,2,1
MY-18295,Muhammed Yedwab,2,2
MY-18295,Muhammed Yedwab,2,3
MY-18295,Muhammed Yedwab,2,4
RD-19480,Rick Duston,1,1
RD-19480,Rick Duston,1,2
RD-19480,Rick Duston,1,3
RD-19480,Rick Duston,1,4
DP-13390,Dennis Pardue,3,1
DP-13390,Dennis Pardue,3,2
DP-13390,Dennis Pardue,3,3
DP-13390,Dennis Pardue,3,4
ML-17395,Marina Lichtenstein,2,1
ML-17395,Marina Lichtenstein,2,2
ML-17395,Marina Lichtenstein,2,3
ML-17395,Marina Lichtenstein,2,4
JC-15385,Jenna Caffey,1,1
JC-15385,Jenna Caffey,1,2
JC-15385,Jenna Caffey,1,3
JC-15385,Jenna Caffey,1,4
JG-15160,James Galang,1,1
JG-15160,James Galang,1,2
JG-15160,James Galang,1,3
JG-15160,James Galang,1,4
MC-17275,Marc Crier,1,1
MC-17275,Marc Crier,1,2
MC-17275,Marc Crier,1,3
MC-17275,Marc Crier,1,4
NW-18400,Natalie Webber,1,1
NW-18400,Natalie Webber,1,2
NW-18400,Natalie Webber,1,3
NW-18400,Natalie Webber,1,4
TB-21280,Toby Braunhardt,1,1
TB-21280,Toby Braunhardt,1,2
TB-21280,Toby Braunhardt,1,3
TB-21280,Toby Braunhardt,1,4
BS-11380,Bill Stewart,2,1
BS-11380,Bill Stewart,2,2
BS-11380,Bill Stewart,2,3
BS-11380,Bill Stewart,2,4
HH-15010,Hilary Holden,2,1
HH-15010,Hilary Holden,2,2
HH-15010,Hilary Holden,2,3
HH-15010,Hilary Holden,2,4
CD-12280,Christina DeMoss,1,1
CD-12280,Christina DeMoss,1,2
CD-12280,Christina DeMoss,1,3
CD-12280,Christina DeMoss,1,4
TH-21100,Thea Hendricks,1,1
TH-21100,Thea Hendricks,1,2
TH-21100,Thea Hendricks,1,3
TH-21100,Thea Hendricks,1,4
MM-18055,Michelle Moray,1,1
MM-18055,Michelle Moray,1,2
MM-18055,Michelle Moray,1,3
MM-18055,Michelle Moray,1,4
NS-18505,Neola Schneider,1,1
NS-18505,Neola Schneider,1,2
NS-18505,Neola Schneider,1,3
NS-18505,Neola Schneider,1,4
RB-19645,Robert Barroso,2,1
RB-19645,Robert Barroso,2,2
RB-19645,Robert Barroso,2,3
RB-19645,Robert Barroso,2,4
SW-20455,Shaun Weien,1,1
SW-20455,Shaun Weien,1,2
SW-20455,Shaun Weien,1,3
SW-20455,Shaun Weien,1,4
EB-13930,Eric Barreto,1,1
EB-13930,Eric Barreto,1,2
EB-13930,Eric Barreto,1,3
EB-13930,Eric Barreto,1,4
PS-18760,Pamela Stobb,1,1
PS-18760,Pamela Stobb,1,2
PS-18760,Pamela Stobb,1,3
PS-18760,Pamela Stobb,1,4
HF-14995,Herbert Flentye,1,1
HF-14995,Herbert Flentye,1,2
HF-14995,Herbert Flentye,1,3
HF-14995,Herbert Flentye,1,4
HZ-14950,Henia Zydlo,1,1
HZ-14950,Henia Zydlo,1,2
HZ-14950,Henia Zydlo,1,3
HZ-14950,Henia Zydlo,1,4
CD-12790,Cynthia Delaney,3,1
CD-12790,Cynthia Delaney,3,2
CD-12790,Cynthia Delaney,3,3
CD-12790,Cynthia Delaney,3,4
JK-15205,Jamie Kunitz,1,1
JK-15205,Jamie Kunitz,1,2
JK-15205,Jamie Kunitz,1,3
JK-15205,Jamie Kunitz,1,4
FM-14215,Filia McAdams,2,1
FM-14215,Filia McAdams,2,2
FM-14215,Filia McAdams,2,3
FM-14215,Filia McAdams,2,4
ED-13885,Emily Ducich,3,1
ED-13885,Emily Ducich,3,2
ED-13885,Emily Ducich,3,3
ED-13885,Emily Ducich,3,4
DA-13450,Dianna Arnett,3,1
DA-13450,Dianna Arnett,3,2
DA-13450,Dianna Arnett,3,3
DA-13450,Dianna Arnett,3,4
JW-15955,Joni Wasserman,1,1
JW-15955,Joni Wasserman,1,2
JW-15955,Joni Wasserman,1,3
JW-15955,Joni Wasserman,1,4
RM-19375,Raymond Messe,1,1
RM-19375,Raymond Messe,1,2
RM-19375,Raymond Messe,1,3
RM-19375,Raymond Messe,1,4
ML-17755,Max Ludwig,3,1
ML-17755,Max Ludwig,3,2
ML-17755,Max Ludwig,3,3
ML-17755,Max Ludwig,3,4
CC-12685,Craig Carroll,1,1
CC-12685,Craig Carroll,1,2
CC-12685,Craig Carroll,1,3
CC-12685,Craig Carroll,1,4
JE-15610,Jim Epp,2,1
JE-15610,Jim Epp,2,2
JE-15610,Jim Epp,2,3
JE-15610,Jim Epp,2,4
RP-19855,Roy Phan,2,1
RP-19855,Roy Phan,2,2
RP-19855,Roy Phan,2,3
RP-19855,Roy Phan,2,4
TB-21175,Thomas Boland,2,1
TB-21175,Thomas Boland,2,2
TB-21175,Thomas Boland,2,3
TB-21175,Thomas Boland,2,4
BE-11455,Brad Eason,3,1
BE-11455,Brad Eason,3,2
BE-11455,Brad Eason,3,3
BE-11455,Brad Eason,3,4
JF-15565,Jill Fjeld,1,1
JF-15565,Jill Fjeld,1,2
JF-15565,Jill Fjeld,1,3
JF-15565,Jill Fjeld,1,4
PB-19210,Phillip Breyer,2,1
PB-19210,Phillip Breyer,2,2
PB-19210,Phillip Breyer,2,3
PB-19210,Phillip Breyer,2,4
BT-11680,Brian Thompson,1,1
BT-11680,Brian Thompson,1,2
BT-11680,Brian Thompson,1,3
BT-11680,Brian Thompson,1,4
JL-15235,Janet Lee,1,1
JL-15235,Janet Lee,1,2
JL-15235,Janet Lee,1,3
JL-15235,Janet Lee,1,4
CH-12070,Cathy Hwang,3,1
CH-12070,Cathy Hwang,3,2
CH-12070,Cathy Hwang,3,3
CH-12070,Cathy Hwang,3,4
ND-18460,Neil Ducich,2,1
ND-18460,Neil Ducich,2,2
ND-18460,Neil Ducich,2,3
ND-18460,Neil Ducich,2,4
BF-10975,Barbara Fisher,2,1
BF-10975,Barbara Fisher,2,2
BF-10975,Barbara Fisher,2,3
BF-10975,Barbara Fisher,2,4
KH-16330,Katharine Harms,2,1
KH-16330,Katharine Harms,2,2
KH-16330,Katharine Harms,2,3
KH-16330,Katharine Harms,2,4
GW-14605,Giulietta Weimer,1,1
GW-14605,Giulietta Weimer,1,2
GW-14605,Giulietta Weimer,1,3
GW-14605,Giulietta Weimer,1,4
NC-18625,Noah Childs,2,1
NC-18625,Noah Childs,2,2
NC-18625,Noah Childs,2,3
NC-18625,Noah Childs,2,4
ME-18010,Michelle Ellison,2,1
ME-18010,Michelle Ellison,2,2
ME-18010,Michelle Ellison,2,3
ME-18010,Michelle Ellison,2,4
BP-11230,Benjamin Patterson,1,1
BP-11230,Benjamin Patterson,1,2
BP-11230,Benjamin Patterson,1,3
BP-11230,Benjamin Patterson,1,4
JC-15775,John Castell,1,1
JC-15775,John Castell,1,2
JC-15775,John Castell,1,3
JC-15775,John Castell,1,4
AS-10090,Adam Shillingsburg,1,1
AS-10090,Adam Shillingsburg,1,2
AS-10090,Adam Shillingsburg,1,3
AS-10090,Adam Shillingsburg,1,4
AC-10450,Amy Cox,1,1
AC-10450,Amy Cox,1,2
AC-10450,Amy Cox,1,3
AC-10450,Amy Cox,1,4
MD-17860,Michael Dominguez,2,1
MD-17860,Michael Dominguez,2,2
MD-17860,Michael Dominguez,2,3
MD-17860,Michael Dominguez,2,4
DB-13660,Duane Benoit,1,1
DB-13660,Duane Benoit,1,2
DB-13660,Duane Benoit,1,3
DB-13660,Duane Benoit,1,4
EH-13990,Erica Hackney,1,1
EH-13990,Erica Hackney,1,2
EH-13990,Erica Hackney,1,3
EH-13990,Erica Hackney,1,4
EH-13765,Edward Hooks,2,1
EH-13765,Edward Hooks,2,2
EH-13765,Edward Hooks,2,3
EH-13765,Edward Hooks,2,4
SC-20230,Scot Coram,2,1
SC-20230,Scot Coram,2,2
SC-20230,Scot Coram,2,3
SC-20230,Scot Coram,2,4
JE-15715,Joe Elijah,1,1
JE-15715,Joe Elijah,1,2
JE-15715,Joe Elijah,1,3
JE-15715,Joe Elijah,1,4
AC-10615,Ann Chong,2,1
AC-10615,Ann Chong,2,2
AC-10615,Ann Chong,2,3
AC-10615,Ann Chong,2,4
JD-16015,Joy Daniels,1,1
JD-16015,Joy Daniels,1,2
JD-16015,Joy Daniels,1,3
JD-16015,Joy Daniels,1,4
CB-12415,Christy Brittain,1,1
CB-12415,Christy Brittain,1,2
CB-12415,Christy Brittain,1,3
CB-12415,Christy Brittain,1,4
JS-16030,Joy Smith,1,1
JS-16030,Joy Smith,1,2
JS-16030,Joy Smith,1,3
JS-16030,Joy Smith,1,4
LW-17215,Luke Weiss,1,1
LW-17215,Luke Weiss,1,2
LW-17215,Luke Weiss,1,3
LW-17215,Luke Weiss,1,4
SC-20800,Stuart Calhoun,1,1
SC-20800,Stuart Calhoun,1,2
SC-20800,Stuart Calhoun,1,3
SC-20800,Stuart Calhoun,1,4
AM-10705,Anne McFarland,1,1
AM-10705,Anne McFarland,1,2
AM-10705,Anne McFarland,1,3
AM-10705,Anne McFarland,1,4
RH-19510,Rick Huthwaite,3,1
RH-19510,Rick Huthwaite,3,2
RH-19510,Rick Huthwaite,3,3
RH-19510,Rick Huthwaite,3,4
CT-11995,Carol Triggs,1,1
CT-11995,Carol Triggs,1,2
CT-11995,Carol Triggs,1,3
CT-11995,Carol Triggs,1,4
MC-17590,Matt Collister,2,1
MC-17590,Matt Collister,2,2
MC-17590,Matt Collister,2,3
MC-17590,Matt Collister,2,4
CC-12610,Corey Catlett,2,1
CC-12610,Corey Catlett,2,2
CC-12610,Corey Catlett,2,3
CC-12610,Corey Catlett,2,4
KA-16525,Kelly Andreada,1,1
KA-16525,Kelly Andreada,1,2
KA-16525,Kelly Andreada,1,3
KA-16525,Kelly Andreada,1,4
TC-20980,Tamara Chand,2,1
TC-20980,Tamara Chand,2,2
TC-20980,Tamara Chand,2,3
TC-20980,Tamara Chand,2,4
BF-11080,Bart Folk,1,1
BF-11080,Bart Folk,1,2
BF-11080,Bart Folk,1,3
BF-11080,Bart Folk,1,4
MM-17260,Magdelene Morse,1,1
MM-17260,Magdelene Morse,1,2
MM-17260,Magdelene Morse,1,3
MM-17260,Magdelene Morse,1,4
AH-10120,Adrian Hane,3,1
AH-10120,Adrian Hane,3,2
AH-10120,Adrian Hane,3,3
AH-10120,Adrian Hane,3,4
BW-11200,Ben Wallace,1,1
BW-11200,Ben Wallace,1,2
BW-11200,Ben Wallace,1,3
BW-11200,Ben Wallace,1,4
SW-20245,Scot Wooten,1,1
SW-20245,Scot Wooten,1,2
SW-20245,Scot Wooten,1,3
SW-20245,Scot Wooten,1,4
BS-11665,Brian Stugart,1,1
BS-11665,Brian Stugart,1,2
BS-11665,Brian Stugart,1,3
BS-11665,Brian Stugart,1,4
RF-19345,Randy Ferguson,2,1
RF-19345,Randy Ferguson,2,2
RF-19345,Randy Ferguson,2,3
RF-19345,Randy Ferguson,2,4
WB-21850,William Brown,1,1
WB-21850,William Brown,1,2
WB-21850,William Brown,1,3
WB-21850,William Brown,1,4
TB-21625,Trudy Brown,1,1
TB-21625,Trudy Brown,1,2
TB-21625,Trudy Brown,1,3
TB-21625,Trudy Brown,1,4
AF-10870,Art Ferguson,1,1
AF-10870,Art Ferguson,1,2
AF-10870,Art Ferguson,1,3
AF-10870,Art Ferguson,1,4
RB-19435,Richard Bierner,1,1
RB-19435,Richard Bierner,1,2
RB-19435,Richard Bierner,1,3
RB-19435,Richard Bierner,1,4
KF-16285,Karen Ferguson,3,1
KF-16285,Karen Ferguson,3,2
KF-16285,Karen Ferguson,3,3
KF-16285,Karen Ferguson,3,4
JH-15820,John Huston,1,1
JH-15820,John Huston,1,2
JH-15820,John Huston,1,3
JH-15820,John Huston,1,4
IL-15100,Ivan Liston,1,1
IL-15100,Ivan Liston,1,2
IL-15100,Ivan Liston,1,3
IL-15100,Ivan Liston,1,4
PB-18805,Patrick Bzostek,3,1
PB-18805,Patrick Bzostek,3,2
PB-18805,Patrick Bzostek,3,3
PB-18805,Patrick Bzostek,3,4
RH-19600,Rob Haberlin,1,1
RH-19600,Rob Haberlin,1,2
RH-19600,Rob Haberlin,1,3
RH-19600,Rob Haberlin,1,4
AW-10930,Arthur Wiediger,3,1
AW-10930,Arthur Wiediger,3,2
AW-10930,Arthur Wiediger,3,3
AW-10930,Arthur Wiediger,3,4
ML-17410,Maris LaWare,1,1
ML-17410,Maris LaWare,1,2
ML-17410,Maris LaWare,1,3
ML-17410,Maris LaWare,1,4
DB-13555,Dorothy Badders,2,1
DB-13555,Dorothy Badders,2,2
DB-13555,Dorothy Badders,2,3
DB-13555,Dorothy Badders,2,4
MH-17620,Matt Hagelstein,2,1
MH-17620,Matt Hagelstein,2,2
MH-17620,Matt Hagelstein,2,3
MH-17620,Matt Hagelstein,2,4
DK-13375,Dennis Kane,1,1
DK-13375,Dennis Kane,1,2
DK-13375,Dennis Kane,1,3
DK-13375,Dennis Kane,1,4
BT-11440,Bobby Trafton,1,1
BT-11440,Bobby Trafton,1,2
BT-11440,Bobby Trafton,1,3
BT-11440,Bobby Trafton,1,4
DB-13405,Denny Blanton,1,1
DB-13405,Denny Blanton,1,2
DB-13405,Denny Blanton,1,3
DB-13405,Denny Blanton,1,4
TG-21310,Toby Gnade,1,1
TG-21310,Toby Gnade,1,2
TG-21310,Toby Gnade,1,3
TG-21310,Toby Gnade,1,4
BF-11005,Barry Franz,3,1
BF-11005,Barry Franz,3,2
BF-11005,Barry Franz,3,3
BF-11005,Barry Franz,3,4
JM-16195,Justin MacKendrick,1,1
JM-16195,Justin MacKendrick,1,2
JM-16195,Justin MacKendrick,1,3
JM-16195,Justin MacKendrick,1,4
MZ-17335,Maria Zettner,3,1
MZ-17335,Maria Zettner,3,2
MZ-17335,Maria Zettner,3,3
MZ-17335,Maria Zettner,3,4
MW-18220,Mitch Webber,1,1
MW-18220,Mitch Webber,1,2
MW-18220,Mitch Webber,1,3
MW-18220,Mitch Webber,1,4
MV-17485,Mark Van Huff,1,1
MV-17485,Mark Van Huff,1,2
MV-17485,Mark Van Huff,1,3
MV-17485,Mark Van Huff,1,4
SM-20320,Sean Miller,3,1
SM-20320,Sean Miller,3,2
SM-20320,Sean Miller,3,3
SM-20320,Sean Miller,3,4
TP-21415,Tom Prescott,1,1
TP-21415,Tom Prescott,1,2
TP-21415,Tom Prescott,1,3
TP-21415,Tom Prescott,1,4
JK-15625,Jim Karlsson,1,1
JK-15625,Jim Karlsson,1,2
JK-15625,Jim Karlsson,1,3
JK-15625,Jim Karlsson,1,4
PJ-18835,Patrick Jones,2,1
PJ-18835,Patrick Jones,2,2
PJ-18835,Patrick Jones,2,3
PJ-18835,Patrick Jones,2,4
RS-19420,Ricardo Sperren,2,1
RS-19420,Ricardo Sperren,2,2
RS-19420,Ricardo Sperren,2,3
RS-19420,Ricardo Sperren,2,4
SV-20935,Susan Vittorini,1,1
SV-20935,Susan Vittorini,1,2
SV-20935,Susan Vittorini,1,3
SV-20935,Susan Vittorini,1,4
BC-11125,Becky Castell,3,1
BC-11125,Becky Castell,3,2
BC-11125,Becky Castell,3,3
BC-11125,Becky Castell,3,4
EM-13825,Elizabeth Moffitt,2,1
EM-13825,Elizabeth Moffitt,2,2
EM-13825,Elizabeth Moffitt,2,3
EM-13825,Elizabeth Moffitt,2,4
BM-11575,Brendan Murry,2,1
BM-11575,Brendan Murry,2,2
BM-11575,Brendan Murry,2,3
BM-11575,Brendan Murry,2,4
KN-16705,Kristina Nunn,3,1
KN-16705,Kristina Nunn,3,2
KN-16705,Kristina Nunn,3,3
KN-16705,Kristina Nunn,3,4
KW-16570,Kelly Williams,1,1
KW-16570,Kelly Williams,1,2
KW-16570,Kelly Williams,1,3
KW-16570,Kelly Williams,1,4
SC-20260,Scott Cohen,2,1
SC-20260,Scott Cohen,2,2
SC-20260,Scott Cohen,2,3
SC-20260,Scott Cohen,2,4
CV-12295,Christina VanderZanden,1,1
CV-12295,Christina VanderZanden,1,2
CV-12295,Christina VanderZanden,1,3
CV-12295,Christina VanderZanden,1,4
SG-20605,Speros Goranitis,1,1
SG-20605,Speros Goranitis,1,2
SG-20605,Speros Goranitis,1,3
SG-20605,Speros Goranitis,1,4
TM-21010,Tamara Manning,1,1
TM-21010,Tamara Manning,1,2
TM-21010,Tamara Manning,1,3
TM-21010,Tamara Manning,1,4
EM-13810,Eleni McCrary,2,1
EM-13810,Eleni McCrary,2,2
EM-13810,Eleni McCrary,2,3
EM-13810,Eleni McCrary,2,4
ML-18040,Michelle Lonsdale,2,1
ML-18040,Michelle Lonsdale,2,2
ML-18040,Michelle Lonsdale,2,3
ML-18040,Michelle Lonsdale,2,4
CR-12580,Clay Rozendal,3,1
CR-12580,Clay Rozendal,3,2
CR-12580,Clay Rozendal,3,3
CR-12580,Clay Rozendal,3,4
AZ-10750,Annie Zypern,1,1
AZ-10750,Annie Zypern,1,2
AZ-10750,Annie Zypern,1,3
AZ-10750,Annie Zypern,1,4
PW-19240,Pierre Wener,1,1
PW-19240,Pierre Wener,1,2
PW-19240,Pierre Wener,1,3
PW-19240,Pierre Wener,1,4
SC-20380,Shahid Collister,1,1
SC-20380,Shahid Collister,1,2
SC-20380,Shahid Collister,1,3
SC-20380,Shahid Collister,1,4
CM-11935,Carlos Meador,1,1
CM-11935,Carlos Meador,1,2
CM-11935,Carlos Meador,1,3
CM-11935,Carlos Meador,1,4
GM-14695,Greg Maxwell,2,1
GM-14695,Greg Maxwell,2,2
GM-14695,Greg Maxwell,2,3
GM-14695,Greg Maxwell,2,4
TB-21250,Tim Brockman,1,1
TB-21250,Tim Brockman,1,2
TB-21250,Tim Brockman,1,3
TB-21250,Tim Brockman,1,4
JM-15865,John Murray,1,1
JM-15865,John Murray,1,2
JM-15865,John Murray,1,3
JM-15865,John Murray,1,4
SC-20575,Sonia Cooley,1,1
SC-20575,Sonia Cooley,1,2
SC-20575,Sonia Cooley,1,3
SC-20575,Sonia Cooley,1,4
LS-17200,Luke Schmidt,2,1
LS-17200,Luke Schmidt,2,2
LS-17200,Luke Schmidt,2,3
LS-17200,Luke Schmidt,2,4
RR-19315,Ralph Ritter,1,1
RR-19315,Ralph Ritter,1,2
RR-19315,Ralph Ritter,1,3
RR-19315,Ralph Ritter,1,4
DB-12910,Daniel Byrd,3,1
DB-12910,Daniel Byrd,3,2
DB-12910,Daniel Byrd,3,3
DB-12910,Daniel Byrd,3,4
TT-21220,Thomas Thornton,1,1
TT-21220,Thomas Thornton,1,2
TT-21220,Thomas Thornton,1,3
TT-21220,Thomas Thornton,1,4
LO-17170,Lori Olson,2,1
LO-17170,Lori Olson,2,2
LO-17170,Lori Olson,2,3
LO-17170,Lori Olson,2,4
KD-16615,Ken Dana,2,1
KD-16615,Ken Dana,2,2
KD-16615,Ken Dana,2,3
KD-16615,Ken Dana,2,4
NB-18580,Nicole Brennan,2,1
NB-18580,Nicole Brennan,2,2
NB-18580,Nicole Brennan,2,3
NB-18580,Nicole Brennan,2,4
BD-11635,Brian Derr,1,1
BD-11635,Brian Derr,1,2
BD-11635,Brian Derr,1,3
BD-11635,Brian Derr,1,4
CM-12235,Chris McAfee,1,1
CM-12235,Chris McAfee,1,2
CM-12235,Chris McAfee,1,3
CM-12235,Chris McAfee,1,4
EN-13780,Edward Nazzal,1,1
EN-13780,Edward Nazzal,1,2
EN-13780,Edward Nazzal,1,3
EN-13780,Edward Nazzal,1,4
KN-16450,Kean Nguyen,2,1
KN-16450,Kean Nguyen,2,2
KN-16450,Kean Nguyen,2,3
KN-16450,Kean Nguyen,2,4
BO-11350,Bill Overfelt,2,1
BO-11350,Bill Overfelt,2,2
BO-11350,Bill Overfelt,2,3
BO-11350,Bill Overfelt,2,4
AG-10300,Aleksandra Gannaway,2,1
AG-10300,Aleksandra Gannaway,2,2
AG-10300,Aleksandra Gannaway,2,3
AG-10300,Aleksandra Gannaway,2,4
MC-17635,Matthew Clasen,2,1
MC-17635,Matthew Clasen,2,2
MC-17635,Matthew Clasen,2,3
MC-17635,Matthew Clasen,2,4
TA-21385,Tom Ashbrook,3,1
TA-21385,Tom Ashbrook,3,2
TA-21385,Tom Ashbrook,3,3
TA-21385,Tom Ashbrook,3,4
JF-15295,Jason Fortune-,1,1
JF-15295,Jason Fortune-,1,2
JF-15295,Jason Fortune-,1,3
JF-15295,Jason Fortune-,1,4
TT-21265,Tim Taslimi,2,1
TT-21265,Tim Taslimi,2,2
TT-21265,Tim Taslimi,2,3
TT-21265,Tim Taslimi,2,4
SB-20170,Sarah Bern,1,1
SB-20170,Sarah Bern,1,2
SB-20170,Sarah Bern,1,3
SB-20170,Sarah Bern,1,4
CL-12700,Craig Leslie,3,1
CL-12700,Craig Leslie,3,2
CL-12700,Craig Leslie,3,3
CL-12700,Craig Leslie,3,4
HG-15025,Hunter Glantz,1,1
HG-15025,Hunter Glantz,1,2
HG-15025,Hunter Glantz,1,3
HG-15025,Hunter Glantz,1,4
NL-18310,Nancy Lomonaco,3,1
NL-18310,Nancy Lomonaco,3,2
NL-18310,Nancy Lomonaco,3,3
NL-18310,Nancy Lomonaco,3,4
RR-19525,Rick Reed,2,1
RR-19525,Rick Reed,2,2
RR-19525,Rick Reed,2,3
RR-19525,Rick Reed,2,4
TC-21295,Toby Carlisle,1,1
TC-21295,Toby Carlisle,1,2
TC-21295,Toby Carlisle,1,3
TC-21295,Toby Carlisle,1,4
SV-20785,Stewart Visinsky,1,1
SV-20785,Stewart Visinsky,1,2
SV-20785,Stewart Visinsky,1,3
SV-20785,Stewart Visinsky,1,4
BE-11410,Bobby Elias,1,1
BE-11410,Bobby Elias,1,2
BE-11410,Bobby Elias,1,3
BE-11410,Bobby Elias,1,4
SC-20680,Steve Carroll,3,1
SC-20680,Steve Carroll,3,2
SC-20680,Steve Carroll,3,3
SC-20680,Steve Carroll,3,4
DF-13135,David Flashing,1,1
DF-13135,David Flashing,1,2
DF-13135,David Flashing,1,3
DF-13135,David Flashing,1,4
FH-14350,Fred Harton,1,1
FH-14350,Fred Harton,1,2
FH-14350,Fred Harton,1,3
FH-14350,Fred Harton,1,4
MS-17530,MaryBeth Skach,1,1
MS-17530,MaryBeth Skach,1,2
MS-17530,MaryBeth Skach,1,3
MS-17530,MaryBeth Skach,1,4
RH-19555,Ritsa Hightower,1,1
RH-19555,Ritsa Hightower,1,2
RH-19555,Ritsa Hightower,1,3
RH-19555,Ritsa Hightower,1,4
GA-14515,George Ashbrook,1,1
GA-14515,George Ashbrook,1,2
GA-14515,George Ashbrook,1,3
GA-14515,George Ashbrook,1,4
JP-16135,Julie Prescott,3,1
JP-16135,Julie Prescott,3,2
JP-16135,Julie Prescott,3,3
JP-16135,Julie Prescott,3,4
Dp-13240,Dean percer,3,1
Dp-13240,Dean percer,3,2
Dp-13240,Dean percer,3,3
Dp-13240,Dean percer,3,4
MO-17950,Michael Oakman,1,1
MO-17950,Michael Oakman,1,2
MO-17950,Michael Oakman,1,3
MO-17950,Michael Oakman,1,4
DL-13330,Denise Leinenbach,1,1
DL-13330,Denise Leinenbach,1,2
DL-13330,Denise Leinenbach,1,3
DL-13330,Denise Leinenbach,1,4
MH-18025,Michelle Huthwaite,1,1
MH-18025,Michelle Huthwaite,1,2
MH-18025,Michelle Huthwaite,1,3
MH-18025,Michelle Huthwaite,1,4
DR-12940,Daniel Raglin,3,1
DR-12940,Daniel Raglin,3,2
DR-12940,Daniel Raglin,3,3
DR-12940,Daniel Raglin,3,4
DM-13015,Darrin Martin,1,1
DM-13015,Darrin Martin,1,2
DM-13015,Darrin Martin,1,3
DM-13015,Darrin Martin,1,4
CA-11965,Carol Adams,2,1
CA-11965,Carol Adams,2,2
CA-11965,Carol Adams,2,3
CA-11965,Carol Adams,2,4
AC-10660,Anna Chung,1,1
AC-10660,Anna Chung,1,2
AC-10660,Anna Chung,1,3
AC-10660,Anna Chung,1,4
DM-13345,Denise Monton,2,1
DM-13345,Denise Monton,2,2
DM-13345,Denise Monton,2,3
DM-13345,Denise Monton,2,4
VF-21715,Vicky Freymann,3,1
VF-21715,Vicky Freymann,3,2
VF-21715,Vicky Freymann,3,3
VF-21715,Vicky Freymann,3,4
CC-12370,Christopher Conant,1,1
CC-12370,Christopher Conant,1,2
CC-12370,Christopher Conant,1,3
CC-12370,Christopher Conant,1,4
BF-11275,Beth Fritzler,2,1
BF-11275,Beth Fritzler,2,2
BF-11275,Beth Fritzler,2,3
BF-11275,Beth Fritzler,2,4
HG-14845,Harry Greene,1,1
HG-14845,Harry Greene,1,2
HG-14845,Harry Greene,1,3
HG-14845,Harry Greene,1,4
BP-11155,Becky Pak,1,1
BP-11155,Becky Pak,1,2
BP-11155,Becky Pak,1,3
BP-11155,Becky Pak,1,4
EM-14140,Eugene Moren,3,1
EM-14140,Eugene Moren,3,2
EM-14140,Eugene Moren,3,3
EM-14140,Eugene Moren,3,4
MA-17995,Michelle Arnett,3,1
MA-17995,Michelle Arnett,3,2
MA-17995,Michelle Arnett,3,3
MA-17995,Michelle Arnett,3,4
AY-10555,Andy Yotov,2,1
AY-10555,Andy Yotov,2,2
AY-10555,Andy Yotov,2,3
AY-10555,Andy Yotov,2,4
GB-14575,Giulietta Baptist,1,1
GB-14575,Giulietta Baptist,1,2
GB-14575,Giulietta Baptist,1,3
GB-14575,Giulietta Baptist,1,4
JB-16045,Julia Barnett,3,1
JB-16045,Julia Barnett,3,2
JB-16045,Julia Barnett,3,3
JB-16045,Julia Barnett,3,4
MG-17875,Michael Grace,3,1
MG-17875,Michael Grace,3,2
MG-17875,Michael Grace,3,3
MG-17875,Michael Grace,3,4
SR-20425,Sharelle Roach,3,1
SR-20425,Sharelle Roach,3,2
SR-20425,Sharelle Roach,3,3
SR-20425,Sharelle Roach,3,4
JB-16000,Joy Bell-,1,1
JB-16000,Joy Bell-,1,2
JB-16000,Joy Bell-,1,3
JB-16000,Joy Bell-,1,4
DM-12955,Dario Medina,2,1
DM-12955,Dario Medina,2,2
DM-12955,Dario Medina,2,3
DM-12955,Dario Medina,2,4
TC-21475,Tony Chapman,3,1
TC-21475,Tony Chapman,3,2
TC-21475,Tony Chapman,3,3
TC-21475,Tony Chapman,3,4
SW-20350,Sean Wendt,3,1
SW-20350,Sean Wendt,3,2
SW-20350,Sean Wendt,3,3
SW-20350,Sean Wendt,3,4
RE-19450,Richard Eichhorn,1,1
RE-19450,Richard Eichhorn,1,2
RE-19450,Richard Eichhorn,1,3
RE-19450,Richard Eichhorn,1,4
BF-11215,Benjamin Farhat,3,1
BF-11215,Benjamin Farhat,3,2
BF-11215,Benjamin Farhat,3,3
BF-11215,Benjamin Farhat,3,4
KB-16405,Katrina Bavinger,3,1
KB-16405,Katrina Bavinger,3,2
KB-16405,Katrina Bavinger,3,3
KB-16405,Katrina Bavinger,3,4
JG-15310,Jason Gross,2,1
JG-15310,Jason Gross,2,2
JG-15310,Jason Gross,2,3
JG-15310,Jason Gross,2,4
EC-14050,Erin Creighton,1,1
EC-14050,Erin Creighton,1,2
EC-14050,Erin Creighton,1,3
EC-14050,Erin Creighton,1,4
EB-14110,Eugene Barchas,1,1
EB-14110,Eugene Barchas,1,2
EB-14110,Eugene Barchas,1,3
EB-14110,Eugene Barchas,1,4
JP-15460,Jennifer Patt,2,1
JP-15460,Jennifer Patt,2,2
JP-15460,Jennifer Patt,2,3
JP-15460,Jennifer Patt,2,4
CS-11845,Cari Sayre,2,1
CS-11845,Cari Sayre,2,2
CS-11845,Cari Sayre,2,3
CS-11845,Cari Sayre,2,4
GH-14410,Gary Hansen,3,1
GH-14410,Gary Hansen,3,2
GH-14410,Gary Hansen,3,3
GH-14410,Gary Hansen,3,4
PT-19090,Pete Takahito,1,1
PT-19090,Pete Takahito,1,2
PT-19090,Pete Takahito,1,3
PT-19090,Pete Takahito,1,4
JL-15130,Jack Lebron,1,1
JL-15130,Jack Lebron,1,2
JL-15130,Jack Lebron,1,3
JL-15130,Jack Lebron,1,4
AH-10030,Aaron Hawkins,2,1
AH-10030,Aaron Hawkins,2,2
AH-10030,Aaron Hawkins,2,3
AH-10030,Aaron Hawkins,2,4
CC-12475,Cindy Chapman,1,1
CC-12475,Cindy Chapman,1,2
CC-12475,Cindy Chapman,1,3
CC-12475,Cindy Chapman,1,4
DW-13195,David Wiener,2,1
DW-13195,David Wiener,2,2
DW-13195,David Wiener,2,3
DW-13195,David Wiener,2,4
SJ-20215,Sarah Jordon,1,1
SJ-20215,Sarah Jordon,1,2
SJ-20215,Sarah Jordon,1,3
SJ-20215,Sarah Jordon,1,4
BG-11740,Bruce Geld,1,1
BG-11740,Bruce Geld,1,2
BG-11740,Bruce Geld,1,3
BG-11740,Bruce Geld,1,4
LB-16795,Laurel Beltran,3,1
LB-16795,Laurel Beltran,3,2
LB-16795,Laurel Beltran,3,3
LB-16795,Laurel Beltran,3,4
CM-11815,Candace McMahon,2,1
CM-11815,Candace McMahon,2,2
CM-11815,Candace McMahon,2,3
CM-11815,Candace McMahon,2,4
EH-14185,Evan Henry,1,1
EH-14185,Evan Henry,1,2
EH-14185,Evan Henry,1,3
EH-14185,Evan Henry,1,4
TS-21505,Tony Sayre,1,1
TS-21505,Tony Sayre,1,2
TS-21505,Tony Sayre,1,3
TS-21505,Tony Sayre,1,4
PR-18880,Patrick Ryan,1,1
PR-18880,Patrick Ryan,1,2
PR-18880,Patrick Ryan,1,3
PR-18880,Patrick Ryan,1,4
LC-17050,Liz Carlisle,1,1
LC-17050,Liz Carlisle,1,2
LC-17050,Liz Carlisle,1,3
LC-17050,Liz Carlisle,1,4
CS-12490,Cindy Schnelling,2,1
CS-12490,Cindy Schnelling,2,2
CS-12490,Cindy Schnelling,2,3
CS-12490,Cindy Schnelling,2,4
DH-13075,Dave Hallsten,2,1
DH-13075,Dave Hallsten,2,2
DH-13075,Dave Hallsten,2,3
DH-13075,Dave Hallsten,2,4
JO-15145,Jack O'Briant,2,1
JO-15145,Jack O'Briant,2,2
JO-15145,Jack O'Briant,2,3
JO-15145,Jack O'Briant,2,4
AH-10690,Anna Häberlin,2,1
AH-10690,Anna Häberlin,2,2
AH-10690,Anna Häberlin,2,3
AH-10690,Anna Häberlin,2,4
HJ-14875,Heather Jas,3,1
HJ-14875,Heather Jas,3,2
HJ-14875,Heather Jas,3,3
HJ-14875,Heather Jas,3,4
MH-17455,Mark Hamilton,1,1
MH-17455,Mark Hamilton,1,2
MH-17455,Mark Hamilton,1,3
MH-17455,Mark Hamilton,1,4
RD-19930,Russell D'Ascenzo,1,1
RD-19930,Russell D'Ascenzo,1,2
RD-19930,Russell D'Ascenzo,1,3
RD-19930,Russell D'Ascenzo,1,4
SC-20020,Sam Craven,1,1
SC-20020,Sam Craven,1,2
SC-20020,Sam Craven,1,3
SC-20020,Sam Craven,1,4
SU-20665,Stephanie Ulpright,3,1
SU-20665,Stephanie Ulpright,3,2
SU-20665,Stephanie Ulpright,3,3
SU-20665,Stephanie Ulpright,3,4
FC-14335,Fred Chung,2,1
FC-14335,Fred Chung,2,2
FC-14335,Fred Chung,2,3
FC-14335,Fred Chung,2,4
RB-19330,Randy Bradley,1,1
RB-19330,Randy Bradley,1,2
RB-19330,Randy Bradley,1,3
RB-19330,Randy Bradley,1,4
NC-18535,Nick Crebassa,2,1
NC-18535,Nick Crebassa,2,2
NC-18535,Nick Crebassa,2,3
NC-18535,Nick Crebassa,2,4
DB-12970,Darren Budd,2,1
DB-12970,Darren Budd,2,2
DB-12970,Darren Budd,2,3
DB-12970,Darren Budd,2,4
MF-17665,Maureen Fritzler,2,1
MF-17665,Maureen Fritzler,2,2
MF-17665,Maureen Fritzler,2,3
MF-17665,Maureen Fritzler,2,4
RM-19750,Roland Murray,1,1
RM-19750,Roland Murray,1,2
RM-19750,Roland Murray,1,3
RM-19750,Roland Murray,1,4
VM-21835,Vivian Mathis,1,1
VM-21835,Vivian Mathis,1,2
VM-21835,Vivian Mathis,1,3
VM-21835,Vivian Mathis,1,4
EJ-13720,Ed Jacobs,1,1
EJ-13720,Ed Jacobs,1,2
EJ-13720,Ed Jacobs,1,3
EJ-13720,Ed Jacobs,1,4
NC-18415,Nathan Cano,1,1
NC-18415,Nathan Cano,1,2
NC-18415,Nathan Cano,1,3
NC-18415,Nathan Cano,1,4
LS-17230,Lycoris Saunders,1,1
LS-17230,Lycoris Saunders,1,2
LS-17230,Lycoris Saunders,1,3
LS-17230,Lycoris Saunders,1,4
KE-16420,Katrina Edelman,2,1
KE-16420,Katrina Edelman,2,2
KE-16420,Katrina Edelman,2,3
KE-16420,Katrina Edelman,2,4
DH-13675,Duane Huffman,3,1
DH-13675,Duane Huffman,3,2
DH-13675,Duane Huffman,3,3
DH-13675,Duane Huffman,3,4
PF-19120,Peter Fuller,1,1
PF-19120,Peter Fuller,1,2
PF-19120,Peter Fuller,1,3
PF-19120,Peter Fuller,1,4
VT-21700,Valerie Takahito,3,1
VT-21700,Valerie Takahito,3,2
VT-21700,Valerie Takahito,3,3
VT-21700,Valerie Takahito,3,4
MG-17695,Maureen Gnade,1,1
MG-17695,Maureen Gnade,1,2
MG-17695,Maureen Gnade,1,3
MG-17695,Maureen Gnade,1,4
SP-20920,Susan Pistek,1,1
SP-20920,Susan Pistek,1,2
SP-20920,Susan Pistek,1,3
SP-20920,Susan Pistek,1,4
CS-12175,Charles Sheldon,2,1
CS-12175,Charles Sheldon,2,2
CS-12175,Charles Sheldon,2,3
CS-12175,Charles Sheldon,2,4
DK-12895,Dana Kaydos,1,1
DK-12895,Dana Kaydos,1,2
DK-12895,Dana Kaydos,1,3
DK-12895,Dana Kaydos,1,4
KM-16660,Khloe Miller,1,1
KM-16660,Khloe Miller,1,2
KM-16660,Khloe Miller,1,3
KM-16660,Khloe Miller,1,4
AA-10645,Anna Andreadi,1,1
AA-10645,Anna Andreadi,1,2
AA-10645,Anna Andreadi,1,3
AA-10645,Anna Andreadi,1,4
DD-13570,Dorothy Dickinson,1,1
DD-13570,Dorothy Dickinson,1,2
DD-13570,Dorothy Dickinson,1,3
DD-13570,Dorothy Dickinson,1,4
AH-10465,Amy Hunt,1,1
AH-10465,Amy Hunt,1,2
AH-10465,Amy Hunt,1,3
AH-10465,Amy Hunt,1,4
TP-21565,Tracy Poddar,2,1
TP-21565,Tracy Poddar,2,2
TP-21565,Tracy Poddar,2,3
TP-21565,Tracy Poddar,2,4
EK-13795,Eileen Kiefer,3,1
EK-13795,Eileen Kiefer,3,2
EK-13795,Eileen Kiefer,3,3
EK-13795,Eileen Kiefer,3,4
CR-12820,Cyra Reiten,3,1
CR-12820,Cyra Reiten,3,2
CR-12820,Cyra Reiten,3,3
CR-12820,Cyra Reiten,3,4
SG-20890,Susan Gilcrest,2,1
SG-20890,Susan Gilcrest,2,2
SG-20890,Susan Gilcrest,2,3
SG-20890,Susan Gilcrest,2,4
AH-10585,Angele Hood,1,1
AH-10585,Angele Hood,1,2
AH-10585,Angele Hood,1,3
AH-10585,Angele Hood,1,4
NF-18475,Neil Französisch,3,1
NF-18475,Neil Französisch,3,2
NF-18475,Neil Französisch,3,3
NF-18475,Neil Französisch,3,4
BS-11365,Bill Shonely,2,1
BS-11365,Bill Shonely,2,2
BS-11365,Bill Shonely,2,3
BS-11365,Bill Shonely,2,4
SH-20635,Stefanie Holloman,2,1
SH-20635,Stefanie Holloman,2,2
SH-20635,Stefanie Holloman,2,3
SH-20635,Stefanie Holloman,2,4
RD-19720,Roger Demir,1,1
RD-19720,Roger Demir,1,2
RD-19720,Roger Demir,1,3
RD-19720,Roger Demir,1,4
AG-10330,Alex Grayson,1,1
AG-10330,Alex Grayson,1,2
AG-10330,Alex Grayson,1,3
AG-10330,Alex Grayson,1,4
GR-14560,Georgia Rosenberg,2,1
GR-14560,Georgia Rosenberg,2,2
GR-14560,Georgia Rosenberg,2,3
GR-14560,Georgia Rosenberg,2,4
VS-21820,Vivek Sundaresam,1,1
VS-21820,Vivek Sundaresam,1,2
VS-21820,Vivek Sundaresam,1,3
VS-21820,Vivek Sundaresam,1,4
TM-21490,Tony Molinari,1,1
TM-21490,Tony Molinari,1,2
TM-21490,Tony Molinari,1,3
TM-21490,Tony Molinari,1,4
TS-21430,Tom Stivers,2,1
TS-21430,Tom Stivers,2,2
TS-21430,Tom Stivers,2,3
TS-21430,Tom Stivers,2,4
DB-13360,Dennis Bolton,3,1
DB-13360,Dennis Bolton,3,2
DB-13360,Dennis Bolton,3,3
DB-13360,Dennis Bolton,3,4
NR-18550,Nick Radford,1,1
NR-18550,Nick Radford,1,2
NR-18550,Nick Radford,1,3
NR-18550,Nick Radford,1,4
CS-11860,Cari Schnelling,1,1
CS-11860,Cari Schnelling,1,2
CS-11860,Cari Schnelling,1,3
CS-11860,Cari Schnelling,1,4
MF-18250,Monica Federle,2,1
MF-18250,Monica Federle,2,2
MF-18250,Monica Federle,2,3
MF-18250,Monica Federle,2,4
LW-17125,Liz Willingham,1,1
LW-17125,Liz Willingham,1,2
LW-17125,Liz Willingham,1,3
LW-17125,Liz Willingham,1,4
AR-10345,Alex Russell,2,1
AR-10345,Alex Russell,2,2
AR-10345,Alex Russell,2,3
AR-10345,Alex Russell,2,4
KS-16300,Karen Seio,2,1
KS-16300,Karen Seio,2,2
KS-16300,Karen Seio,2,3
KS-16300,Karen Seio,2,4
AB-10015,Aaron Bergman,1,1
AB-10015,Aaron Bergman,1,2
AB-10015,Aaron Bergman,1,3
AB-10015,Aaron Bergman,1,4
LR-17035,Lisa Ryan,2,1
LR-17035,Lisa Ryan,2,2
LR-17035,Lisa Ryan,2,3
LR-17035,Lisa Ryan,2,4
SS-20410,Shahid Shariari,1,1
SS-20410,Shahid Shariari,1,2
SS-20410,Shahid Shariari,1,3
SS-20410,Shahid Shariari,1,4
JM-15580,Jill Matthias,1,1
JM-15580,Jill Matthias,1,2
JM-15580,Jill Matthias,1,3
JM-15580,Jill Matthias,1,4
JK-15325,Jason Klamczynski,2,1
JK-15325,Jason Klamczynski,2,2
JK-15325,Jason Klamczynski,2,3
JK-15325,Jason Klamczynski,2,4
DM-13525,Don Miller,2,1
DM-13525,Don Miller,2,2
DM-13525,Don Miller,2,3
DM-13525,Don Miller,2,4
ML-18265,Muhammed Lee,1,1
ML-18265,Muhammed Lee,1,2
ML-18265,Muhammed Lee,1,3
ML-18265,Muhammed Lee,1,4
MH-17290,Marc Harrigan,3,1
MH-17290,Marc Harrigan,3,2
MH-17290,Marc Harrigan,3,3
MH-17290,Marc Harrigan,3,4
FC-14245,Frank Carlisle,3,1
FC-14245,Frank Carlisle,3,2
FC-14245,Frank Carlisle,3,3
FC-14245,Frank Carlisle,3,4
TH-21115,Thea Hudgings,2,1
TH-21115,Thea Hudgings,2,2
TH-21115,Thea Hudgings,2,3
TH-21115,Thea Hudgings,2,4
JK-16090,Juliana Krohn,1,1
JK-16090,Juliana Krohn,1,2
JK-16090,Juliana Krohn,1,3
JK-16090,Juliana Krohn,1,4
SB-20185,Sarah Brown,1,1
SB-20185,Sarah Brown,1,2
SB-20185,Sarah Brown,1,3
SB-20185,Sarah Brown,1,4
BG-11035,Barry Gonzalez,1,1
BG-11035,Barry Gonzalez,1,2
BG-11035,Barry Gonzalez,1,3
BG-11035,Barry Gonzalez,1,4
BW-11065,Barry Weirich,1,1
BW-11065,Barry Weirich,1,2
BW-11065,Barry Weirich,1,3
BW-11065,Barry Weirich,1,4
MG-18205,Mitch Gastineau,2,1
MG-18205,Mitch Gastineau,2,2
MG-18205,Mitch Gastineau,2,3
MG-18205,Mitch Gastineau,2,4
DO-13645,Doug O'Connell,1,1
DO-13645,Doug O'Connell,1,2
DO-13645,Doug O'Connell,1,3
DO-13645,Doug O'Connell,1,4
BP-11050,Barry Pond,2,1
BP-11050,Barry Pond,2,2
BP-11050,Barry Pond,2,3
BP-11050,Barry Pond,2,4
TS-21655,Trudy Schmidt,1,1
TS-21655,Trudy Schmidt,1,2
TS-21655,Trudy Schmidt,1,3
TS-21655,Trudy Schmidt,1,4
EM-14200,Evan Minnotte,3,1
EM-14200,Evan Minnotte,3,2
EM-14200,Evan Minnotte,3,3
EM-14200,Evan Minnotte,3,4
AO-10810,Anthony O'Donnell,2,1
AO-10810,Anthony O'Donnell,2,2
AO-10810,Anthony O'Donnell,2,3
AO-10810,Anthony O'Donnell,2,4
MH-17440,Mark Haberlin,2,1
MH-17440,Mark Haberlin,2,2
MH-17440,Mark Haberlin,2,3
MH-17440,Mark Haberlin,2,4
SS-20515,Shirley Schmidt,3,1
SS-20515,Shirley Schmidt,3,2
SS-20515,Shirley Schmidt,3,3
SS-20515,Shirley Schmidt,3,4
LD-16855,Lela Donovan,2,1
LD-16855,Lela Donovan,2,2
LD-16855,Lela Donovan,2,3
LD-16855,Lela Donovan,2,4
VP-21760,Victoria Pisteka,2,1
VP-21760,Victoria Pisteka,2,2
VP-21760,Victoria Pisteka,2,3
VP-21760,Victoria Pisteka,2,4
TC-21145,Theresa Coyne,2,1
TC-21145,Theresa Coyne,2,2
TC-21145,Theresa Coyne,2,3
TC-21145,Theresa Coyne,2,4
IM-15055,Ionia McGrath,1,1
IM-15055,Ionia McGrath,1,2
IM-15055,Ionia McGrath,1,3
IM-15055,Ionia McGrath,1,4
AR-10570,Anemone Ratner,1,1
AR-10570,Anemone Ratner,1,2
AR-10570,Anemone Ratner,1,3
AR-10570,Anemone Ratner,1,4
CM-12715,Craig Molinari,2,1
CM-12715,Craig Molinari,2,2
CM-12715,Craig Molinari,2,3
CM-12715,Craig Molinari,2,4
FW-14395,Fred Wasserman,2,1
FW-14395,Fred Wasserman,2,2
FW-14395,Fred Wasserman,2,3
FW-14395,Fred Wasserman,2,4
LC-16960,Lindsay Castell,3,1
LC-16960,Lindsay Castell,3,2
LC-16960,Lindsay Castell,3,3
LC-16960,Lindsay Castell,3,4
HE-14800,Harold Engle,2,1
HE-14800,Harold Engle,2,2
HE-14800,Harold Engle,2,3
HE-14800,Harold Engle,2,4
BD-11560,Brendan Dodson,3,1
BD-11560,Brendan Dodson,3,2
BD-11560,Brendan Dodson,3,3
BD-11560,Brendan Dodson,3,4
HD-14785,Harold Dahlen,3,1
HD-14785,Harold Dahlen,3,2
HD-14785,Harold Dahlen,3,3
HD-14785,Harold Dahlen,3,4
CJ-11875,Carl Jackson,2,1
CJ-11875,Carl Jackson,2,2
CJ-11875,Carl Jackson,2,3
CJ-11875,Carl Jackson,2,4
RS-19870,Roy Skaria,3,1
RS-19870,Roy Skaria,3,2
RS-19870,Roy Skaria,3,3
RS-19870,Roy Skaria,3,4
SC-20845,Sung Chung,1,1
SC-20845,Sung Chung,1,2
SC-20845,Sung Chung,1,3
SC-20845,Sung Chung,1,4
RE-19405,Ricardo Emerson,1,1
RE-19405,Ricardo Emerson,1,2
RE-19405,Ricardo Emerson,1,3
RE-19405,Ricardo Emerson,1,4
SM-20905,Susan MacKendrick,1,1
SM-20905,Susan MacKendrick,1,2
SM-20905,Susan MacKendrick,1,3
SM-20905,Susan MacKendrick,1,4
